title,description,published,duration
Which Animals Would I Beat in a Fight?,"<p>🔹 Join the PATREON:<a href=""https://www.patreon.com/AlVuelo"" rel=""ugc noopener noreferrer"" target=""_blank"">⁠⁠⁠⁠⁠https://www.patreon.com/AlVuelo⁠⁠⁠⁠⁠</a></p><p>🔹 Join the Español al Vuelo Newsletter:⁠ <a href=""https://share.hsforms.com/29zggeGpoT822q0emc2-cBgdb1ea"" rel=""ugc noopener noreferrer"" target=""_blank"">⁠⁠⁠⁠⁠https://share.hsforms.com/29zggeGpoT822q0emc2-cBgdb1ea⁠⁠⁠⁠⁠⁠</a></p><p>🔹 Sign up for a 7-day Free Trial of Spanish Classes:⁠ <a href=""https://worldsacross.com/⁠"" rel=""ugc noopener noreferrer"" target=""_blank"">⁠⁠⁠⁠⁠⁠</a><a href=""https://worldsacross.com/social-media?utm_source=Spotify&amp;utm_channel=EAV&amp;utm_medium=worldsacross"" rel=""ugc noopener noreferrer"" target=""_blank"">⁠here</a></p><p><br /></p>","Wed, 25 Feb 2026 20:00:00 GMT",00:27:10
Wine Tasting in Mendoza: Expectations vs Reality,"<p>🔹 Join the PATREON:<a href=""https://www.patreon.com/AlVuelo"" rel=""ugc noopener noreferrer"" target=""_blank"">⁠⁠⁠⁠https://www.patreon.com/AlVuelo⁠⁠⁠⁠</a></p><p>🔹 Join the Español al Vuelo Newsletter:⁠ <a href=""https://share.hsforms.com/29zggeGpoT822q0emc2-cBgdb1ea"" rel=""ugc noopener noreferrer"" target=""_blank"">⁠⁠⁠⁠https://share.hsforms.com/29zggeGpoT822q0emc2-cBgdb1ea⁠⁠⁠⁠⁠</a></p><p>🔹 Sign up for a 7-day Free Trial of Spanish Classes:⁠ <a href=""https://worldsacross.com/⁠"" rel=""ugc noopener noreferrer"" target=""_blank"">⁠⁠⁠⁠</a><a href=""https://worldsacross.com/social-media?utm_source=Spotify&amp;utm_channel=EAV&amp;utm_medium=worldsacross"" rel=""noopener noreferer"" target=""_blank"">here</a></p><p></p><p><br /></p>","Wed, 18 Feb 2026 20:00:00 GMT",00:26:50
How to Talk About Astrology in Spanish,"<p>🔹 Sign up for a 7-day Free Trial of Spanish Classes:⁠ <a href=""https://worldsacross.com/⁠"" rel=""ugc noopener noreferrer"" target=""_blank"">⁠⁠⁠⁠⁠https://worldsacross.com/⁠⁠</a></p><p>🔹 Join the PATREON:<a href=""https://www.patreon.com/AlVuelo"" rel=""ugc noopener noreferrer"" target=""_blank"">⁠⁠⁠⁠⁠⁠⁠⁠⁠⁠⁠⁠⁠⁠⁠https://www.patreon.com/AlVuelo⁠⁠⁠⁠⁠⁠⁠⁠⁠⁠⁠⁠⁠⁠⁠</a></p><p>🔹 Join the Español al Vuelo Newsletter: ⁠<a href=""https://share.hsforms.com/29zggeGpoT822q0emc2-cBgdb1ea"" rel=""ugc noopener noreferrer"" target=""_blank"">⁠⁠⁠⁠⁠⁠⁠⁠⁠⁠⁠⁠⁠⁠⁠https://share.hsforms.com/29zggeGpoT822q0emc2-cBgdb1ea⁠⁠⁠⁠⁠⁠⁠⁠⁠</a></p><p></p>","Wed, 11 Feb 2026 20:00:00 GMT",00:20:24
Learn About the Roman Empire in Spanish,"<p>🔹 Join the PATREON:<a href=""https://www.patreon.com/AlVuelo"">⁠⁠⁠⁠⁠⁠⁠⁠⁠⁠⁠⁠⁠⁠https://www.patreon.com/AlVuelo⁠⁠⁠⁠⁠⁠⁠⁠⁠⁠⁠⁠⁠⁠</a></p><p>🔹 Join the Español al Vuelo Newsletter: ⁠<a href=""https://share.hsforms.com/29zggeGpoT822q0emc2-cBgdb1ea"">⁠⁠⁠⁠⁠⁠⁠⁠⁠⁠⁠⁠⁠⁠https://share.hsforms.com/29zggeGpoT822q0emc2-cBgdb1ea⁠⁠⁠⁠⁠⁠⁠⁠⁠</a></p><p></p>","Wed, 04 Feb 2026 22:03:03 GMT",00:20:11
My Experience at Disney World,"<p>🔹 Join the PATREON:<a href=""https://www.patreon.com/AlVuelo"">⁠⁠⁠⁠⁠⁠⁠⁠⁠⁠⁠⁠⁠https://www.patreon.com/AlVuelo⁠⁠⁠⁠⁠⁠⁠⁠⁠⁠⁠⁠⁠</a></p><p>🔹 Join the Español al Vuelo Newsletter: ⁠<a href=""https://share.hsforms.com/29zggeGpoT822q0emc2-cBgdb1ea"">⁠⁠⁠⁠⁠⁠⁠⁠⁠⁠⁠⁠⁠https://share.hsforms.com/29zggeGpoT822q0emc2-cBgdb1ea⁠⁠⁠⁠⁠⁠⁠⁠⁠</a></p><p><br /></p><p></p>","Sun, 01 Feb 2026 21:00:00 GMT",00:24:42
Mexican Food is Just a Scam? Ft. Al Chile,"<p>AL CHILE: <a href=""https://open.spotify.com/show/65djwc2pJbMGEQCxpicE1l?si=2fb9d22d1ef142f0"" rel=""noopener noreferer"" target=""_blank"">https://open.spotify.com/show/65djwc2pJbMGEQCxpicE1l?si=2fb9d22d1ef142f0</a></p><p>🔹 Join the PATREON:<a href=""https://www.patreon.com/AlVuelo"" rel=""ugc noopener noreferrer"" target=""_blank"">⁠⁠⁠⁠⁠⁠⁠⁠⁠⁠⁠⁠https://www.patreon.com/AlVuelo⁠⁠⁠⁠⁠⁠⁠⁠⁠⁠⁠⁠</a></p><p>🔹 Join the Español al Vuelo Newsletter: ⁠<a href=""https://share.hsforms.com/29zggeGpoT822q0emc2-cBgdb1ea"" rel=""ugc noopener noreferrer"" target=""_blank"">⁠⁠⁠⁠⁠⁠⁠⁠⁠⁠⁠⁠https://share.hsforms.com/29zggeGpoT822q0emc2-cBgdb1ea⁠⁠⁠⁠⁠⁠⁠⁠</a></p><p><br /></p>","Wed, 28 Jan 2026 21:00:00 GMT",00:29:57
Argentine Myhtology to Learn Spanish,"<p>🔹 Join the PATREON:<a href=""https://www.patreon.com/AlVuelo"">⁠⁠⁠⁠⁠⁠⁠⁠⁠⁠⁠https://www.patreon.com/AlVuelo⁠⁠⁠⁠⁠⁠⁠⁠⁠⁠⁠</a></p><p>🔹 Join the Español al Vuelo Newsletter: ⁠<a href=""https://share.hsforms.com/29zggeGpoT822q0emc2-cBgdb1ea"">⁠⁠⁠⁠⁠⁠⁠⁠⁠⁠⁠https://share.hsforms.com/29zggeGpoT822q0emc2-cBgdb1ea⁠⁠⁠⁠⁠⁠⁠⁠</a></p><p><br /></p><p></p>","Mon, 26 Jan 2026 18:25:43 GMT",00:18:28
Learn Spanish at the Depths of the Ocean,"<p>🔹 Join the PATREON:<a href=""https://www.patreon.com/AlVuelo"">⁠⁠⁠⁠⁠⁠⁠⁠⁠⁠https://www.patreon.com/AlVuelo⁠⁠⁠⁠⁠⁠⁠⁠⁠⁠</a></p><p>🔹 Join the Español al Vuelo Newsletter: ⁠<a href=""https://share.hsforms.com/29zggeGpoT822q0emc2-cBgdb1ea"">⁠⁠⁠⁠⁠⁠⁠⁠⁠⁠https://share.hsforms.com/29zggeGpoT822q0emc2-cBgdb1ea⁠⁠⁠⁠⁠⁠⁠</a></p><p></p>","Wed, 21 Jan 2026 20:00:00 GMT",00:16:51
Learn Spanish like a handyman,"<p>Learn Spanish like a handyman 🛠️🇪🇸</p><p>One tool at a time. No shortcuts.</p><p><br /></p><p>🔹 Join the PATREON:<a href=""https://www.patreon.com/AlVuelo"">⁠⁠⁠⁠⁠⁠⁠⁠⁠https://www.patreon.com/AlVuelo⁠⁠⁠⁠⁠⁠⁠⁠⁠</a></p><p>🔹 Join the Español al Vuelo Newsletter: ⁠<a href=""https://share.hsforms.com/29zggeGpoT822q0emc2-cBgdb1ea"">⁠⁠⁠⁠⁠⁠⁠⁠⁠https://share.hsforms.com/29zggeGpoT822q0emc2-cBgdb1ea⁠⁠⁠⁠⁠⁠⁠</a></p><p></p>","Wed, 14 Jan 2026 19:10:01 GMT",00:18:58
My Experience Racing in Spanish,"<p>I became a pilot for one day...</p><p><br /></p><p></p><p>🔹 Join the PATREON:<a href=""https://www.patreon.com/AlVuelo"">⁠⁠⁠⁠⁠⁠⁠⁠⁠⁠https://www.patreon.com/AlVuelo⁠⁠⁠⁠⁠⁠⁠⁠⁠⁠</a></p><p>🔹 Join the Español al Vuelo Newsletter:⁠<a href=""https://share.hsforms.com/29zggeGpoT822q0emc2-cBgdb1ea"">⁠ ⁠⁠⁠⁠⁠⁠⁠⁠⁠https://share.hsforms.com/29zggeGpoT822q0emc2-cBgdb1ea⁠⁠⁠⁠⁠⁠⁠</a></p><p></p>","Sun, 11 Jan 2026 13:58:34 GMT",00:21:04
Talking about First World Problems Ft. Spanish with Gaia,"<p>We’re discussing first world problems —<br />but make it Spanish 🇪🇸😂</p><p><br /></p><p>🔹 Collaborator channel</p><p><a href=""https://www.youtube.com/@SpanishWithGaia"">https://www.youtube.com/@SpanishWithGaia</a></p><p>🔹 Join the PATREON:<a href=""https://www.patreon.com/AlVuelo""><u>⁠⁠⁠⁠⁠⁠⁠⁠⁠https://www.patreon.com/AlVuelo⁠⁠⁠⁠⁠⁠⁠⁠⁠</u></a></p><p>🔹 Join the Español al Vuelo Newsletter:⁠<a href=""https://share.hsforms.com/29zggeGpoT822q0emc2-cBgdb1ea""> <u>⁠⁠⁠⁠⁠⁠⁠⁠⁠https://share.hsforms.com/29zggeGpoT822q0emc2-cBgdb1ea⁠⁠⁠⁠⁠⁠⁠</u></a></p>","Wed, 07 Jan 2026 19:05:01 GMT",00:27:43
Talking about books in Spanish,"<p>Let's talk a little about some popular Spanish-speaking authors from Argentina.</p><p><br /></p><p>Learn Spanish by reading your favorite books in Spanish. </p><p>🔹 Join the PATREON:<a href=""https://www.patreon.com/AlVuelo""><u>⁠⁠⁠⁠⁠⁠⁠⁠⁠https://www.patreon.com/AlVuelo⁠⁠⁠⁠⁠⁠⁠⁠⁠</u></a></p><p><br /></p><p>🔹 Join the Español al Vuelo Newsletter:⁠<a href=""https://share.hsforms.com/29zggeGpoT822q0emc2-cBgdb1ea""> <u>⁠⁠⁠⁠⁠⁠⁠⁠⁠https://share.hsforms.com/29zggeGpoT822q0emc2-cBgdb1ea⁠⁠⁠⁠⁠⁠⁠</u></a></p><p><br /></p><p><br /></p>","Wed, 31 Dec 2025 19:00:00 GMT",00:18:03
Our Craziest Secrets Ft. Andrea La Mexicana,"<p>We’re exposing our craziest secrets…<br />with Andrea La Mexicana 😳🔥</p><p><br /></p><p><br /></p><p>🔹 Andrea La Mexicana <a href=""https://youtube.com/@andrealamexicana?si=QY6gY6PGwUG2uShI""><u>https://youtube.com/@andrealamexicana?si=QY6gY6PGwUG2uShI</u></a> </p><p><br /></p><p>🔹 Join the PATREON:<a href=""https://www.patreon.com/AlVuelo"" rel=""ugc noopener noreferrer"" target=""_blank"">⁠⁠⁠⁠⁠⁠⁠⁠⁠https://www.patreon.com/AlVuelo⁠⁠⁠⁠⁠⁠⁠⁠⁠</a></p><p>🔹 Join the Español al Vuelo Newsletter:⁠<a href=""https://share.hsforms.com/29zggeGpoT822q0emc2-cBgdb1ea"" rel=""ugc noopener noreferrer"" target=""_blank""> ⁠⁠⁠⁠⁠⁠⁠⁠⁠https://share.hsforms.com/29zggeGpoT822q0emc2-cBgdb1ea⁠⁠⁠⁠⁠⁠⁠</a></p>","Wed, 17 Dec 2025 19:01:42 GMT",00:35:52
Learn Spanish with Birthdays,"<p>Learn Spanish with birthdays 🎂🇪🇸<br />Because cake makes everything easier to remember 😅✨</p><p>🔹 Join the PATREON:<a href=""https://www.patreon.com/AlVuelo"" rel=""ugc noopener noreferrer"" target=""_blank"">⁠⁠⁠⁠⁠⁠⁠⁠⁠⁠https://www.patreon.com/AlVuelo⁠⁠⁠⁠⁠⁠⁠⁠⁠⁠</a></p><p>🔹 Join the Español al Vuelo Newsletter:⁠<a href=""https://share.hsforms.com/29zggeGpoT822q0emc2-cBgdb1ea"" rel=""ugc noopener noreferrer"" target=""_blank"">⁠ ⁠⁠⁠⁠⁠⁠⁠⁠⁠https://share.hsforms.com/29zggeGpoT822q0emc2-cBgdb1ea⁠⁠⁠⁠⁠⁠⁠⁠</a></p><p><br /></p><p><br /></p>","Sun, 14 Dec 2025 15:07:50 GMT",00:17:30
My Cats Are Ruining My Apartment,"<p>Living with cats means accepting one truth:<br />your home is no longer <em>your</em> home 😅🏠🐾</p><p>🔹 Join the PATREON:<a href=""https://www.patreon.com/AlVuelo""><u>⁠⁠⁠⁠⁠⁠⁠⁠⁠https://www.patreon.com/AlVuelo⁠⁠⁠⁠⁠⁠⁠⁠⁠</u></a></p><p>🔹 Join the Español al Vuelo Newsletter:⁠<a href=""https://share.hsforms.com/29zggeGpoT822q0emc2-cBgdb1ea""> <u>⁠⁠⁠⁠⁠⁠⁠⁠⁠https://share.hsforms.com/29zggeGpoT822q0emc2-cBgdb1ea⁠⁠⁠⁠⁠⁠⁠</u></a></p><p><br /></p>","Wed, 10 Dec 2025 18:57:48 GMT",00:20:29
My Most Unexpected Visitor at Home,"<p>🔥🔥🔥BLACK FRIDAY LINK <a href=""https://worldsacross.com/blackfriday""><u>https://worldsacross.com/blackfriday</u></a> </p><p><br /></p><p>I wasn’t expecting company…<br />but this visitor had other plans 😳🏠</p><p>🔹 Join the PATREON:<a href=""https://www.patreon.com/AlVuelo""><u>⁠⁠⁠⁠⁠⁠⁠⁠⁠https://www.patreon.com/AlVuelo⁠⁠⁠⁠⁠⁠⁠⁠⁠</u></a></p><p>🔹 Join the Español al Vuelo Newsletter:⁠<a href=""https://share.hsforms.com/29zggeGpoT822q0emc2-cBgdb1ea""> <u>⁠⁠⁠⁠⁠⁠⁠⁠⁠https://share.hsforms.com/29zggeGpoT822q0emc2-cBgdb1ea⁠⁠⁠⁠⁠⁠⁠</u></a></p><p><br /></p>","Wed, 03 Dec 2025 19:14:35 GMT",00:22:48
My Problem with Fast Food,"<p>WA BLACK FRIDAY 🔥: <a href=""https://worldsacross.com/blackfriday"">⁠https://worldsacross.com/blackfriday⁠</a></p><p>EAV BLACK FRIDAY ✈: 50% OFF using the code &quot;EAVBF&quot; on Patreon <a href=""https://www.patreon.com/AlVuelo"">⁠https://www.patreon.com/AlVuelo⁠⁠⁠⁠⁠⁠⁠⁠⁠⁠⁠</a></p><p>🔹 Join the Español al Vuelo Newsletter:⁠<a href=""https://share.hsforms.com/29zggeGpoT822q0emc2-cBgdb1ea"">⁠ ⁠⁠⁠⁠⁠⁠⁠⁠⁠https://share.hsforms.com/29zggeGpoT822q0emc2-cBgdb1ea⁠⁠⁠⁠⁠⁠⁠</a></p><p></p>","Mon, 01 Dec 2025 12:00:00 GMT",00:19:53
Learn Spanish while Camping in the woods,"<p>WA BLACK FRIDAY 🔥: <a href=""https://worldsacross.com/blackfriday"" rel=""ugc noopener noreferrer"" target=""_blank"">https://worldsacross.com/blackfriday</a></p><p><br /></p><p>EAV BLACK FRIDAY ✈: 50% OFF using the code &quot;EAVBF&quot; on Patreon <a href=""https://www.patreon.com/AlVuelo"">https://www.patreon.com/AlVuelo⁠⁠⁠⁠⁠⁠⁠⁠⁠⁠</a></p><p>Spanish + camping = the most peaceful study session ever 🌙📚</p><p><br /></p><p>Let’s take your Spanish to the woods.</p><p><br />🔹 Join the Español al Vuelo Newsletter:⁠<a href=""https://share.hsforms.com/29zggeGpoT822q0emc2-cBgdb1ea"" rel=""ugc noopener noreferrer"" target=""_blank""> ⁠⁠⁠⁠⁠⁠⁠⁠⁠https://share.hsforms.com/29zggeGpoT822q0emc2-cBgdb1ea⁠⁠⁠⁠⁠⁠⁠</a></p>","Wed, 26 Nov 2025 20:11:39 GMT",00:20:10
Learn Spanish While Exploring the Solar System,"<p>🔥🔥🔥WA BLACK FRIDAY LINK <a href=""https://worldsacross.com/blackfriday"">https://worldsacross.com/blackfriday</a></p><p><br /></p><p>Travel through the Solar System while leveling up your Spanish 🌞🪐</p><p><br />The universe just became your classroom.</p><p><br /></p><p>🔹 Join the PATREON:<a href=""https://www.patreon.com/AlVuelo"" rel=""ugc noopener noreferrer"" target=""_blank"">⁠⁠⁠⁠⁠⁠⁠⁠https://www.patreon.com/AlVuelo⁠⁠⁠⁠⁠⁠⁠⁠</a></p><p><br /></p><p>🔹 Join the Español al Vuelo Newsletter:⁠ <a href=""https://share.hsforms.com/29zggeGpoT822q0emc2-cBgdb1ea"" rel=""ugc noopener noreferrer"" target=""_blank"">⁠⁠⁠⁠⁠⁠⁠⁠https://share.hsforms.com/29zggeGpoT822q0emc2-cBgdb1ea⁠⁠⁠⁠⁠⁠⁠</a></p><p><br /></p>","Wed, 19 Nov 2025 19:55:00 GMT",00:21:14
Big City vs Small Town Life in Argentina (Ft. Pocket Spanish),"<p>🔥🔥🔥WA BLACK FRIDAY LINK <a href=""https://worldsacross.com/blackfriday"">https://worldsacross.com/blackfriday</a></p><p>Big city chaos or small-town peace in Argentina? 🇦🇷</p><p><br />Pocket Spanish tells us <em>the whole truth</em> 👀</p><p><br /></p><p>The Pocket Spanish Podcast ⁠<a href=""https://open.spotify.com/show/1JqbT8ETkFZiE5qYVvfJWV⁠"" rel=""ugc noopener noreferrer"" target=""_blank"">https://open.spotify.com/show/1JqbT8ETkFZiE5qYVvfJWV⁠</a></p><p>🔹 Join the PATREON:<a href=""https://www.patreon.com/AlVuelo"" rel=""ugc noopener noreferrer"" target=""_blank"">⁠⁠⁠⁠⁠⁠⁠https://www.patreon.com/AlVuelo⁠⁠⁠⁠⁠⁠⁠</a></p><p><br /></p><p>🔹 Join the Español al Vuelo Newsletter:⁠ <a href=""https://share.hsforms.com/29zggeGpoT822q0emc2-cBgdb1ea"" rel=""ugc noopener noreferrer"" target=""_blank"">⁠⁠⁠⁠⁠⁠⁠https://share.hsforms.com/29zggeGpoT822q0emc2-cBgdb1ea⁠⁠⁠⁠⁠⁠⁠</a></p><p><br /></p><p><br /></p>","Mon, 17 Nov 2025 14:39:23 GMT",00:26:34
Punctual People vs Late People 😅,"<p>🔥🔥🔥WA BLACK FRIDAY LINK <a href=""https://worldsacross.com/blackfriday"">https://worldsacross.com/blackfriday</a></p><p>⏰😅 <em>Punctual People vs Late People</em></p><p><br />Some arrive 10 minutes early… others are still “on their way” while getting dressed. 😂</p><p><br />In every culture, time hits different — especially in Spanish-speaking countries. 🇪🇸🕐</p><p><br /></p><p><br /></p><p>🔹 Join the PATREON:<a href=""https://www.patreon.com/AlVuelo"" rel=""ugc noopener noreferrer"" target=""_blank"">⁠⁠⁠⁠⁠⁠⁠https://www.patreon.com/AlVuelo⁠⁠⁠⁠⁠⁠⁠</a></p><p><br /></p><p>🔹 Join the Español al Vuelo Newsletter:⁠ <a href=""https://share.hsforms.com/29zggeGpoT822q0emc2-cBgdb1ea"" rel=""ugc noopener noreferrer"" target=""_blank"">⁠⁠⁠⁠⁠⁠⁠https://share.hsforms.com/29zggeGpoT822q0emc2-cBgdb1ea⁠⁠⁠⁠⁠⁠⁠</a></p><p><br /></p>","Wed, 12 Nov 2025 19:39:08 GMT",00:18:23
How Spain and Latin America Butcher Movie Titles,"<p>🔥🔥🔥WA BLACK FRIDAY LINK <a href=""https://worldsacross.com/blackfriday"">⁠https://worldsacross.com/blackfriday</a></p><p>🎬🤯 <em>How Spain and Latin America Butcher Movie Titles</em></p><p><br />“Fast &amp; Furious”? → <em>A Todo Gas.</em><br />“The Hangover”? → <em>¿Qué pasó ayer?</em></p><p><br />Different countries, same chaos — and it’s hilarious every time. 😂🇪🇸🇲🇽🇦🇷</p><p><br /></p><p>🔹 Join the PATREON:<a href=""https://www.patreon.com/AlVuelo"" rel=""ugc noopener noreferrer"" target=""_blank"">⁠⁠⁠⁠⁠⁠⁠https://www.patreon.com/AlVuelo⁠⁠⁠⁠⁠⁠⁠</a></p><p><br /></p><p>🔹 Join the Español al Vuelo Newsletter:⁠ <a href=""https://share.hsforms.com/29zggeGpoT822q0emc2-cBgdb1ea"" rel=""ugc noopener noreferrer"" target=""_blank"">⁠⁠⁠⁠⁠⁠⁠https://share.hsforms.com/29zggeGpoT822q0emc2-cBgdb1ea⁠⁠⁠⁠⁠⁠⁠</a></p><p><br /></p>","Wed, 05 Nov 2025 19:59:00 GMT",00:19:06
I Almost Got Arrested in Paris,"<p>🔥🔥🔥WA BLACK FRIDAY LINK <a href=""https://worldsacross.com/blackfriday"">⁠https://worldsacross.com/blackfriday</a></p><p><br /></p><p>🇫🇷😳 I Almost Got Arrested in Paris</p><p><br /></p><p>What started as a normal trip turned into a story I’ll never forget — featuring confusion, bad French, and a lot of panic. 😂✈️</p><p><br /></p><p>Because travel + language barriers = pure chaos.</p><p><br /></p><p>🔹 Join the PATREON:<a href=""https://www.patreon.com/AlVuelo"" rel=""ugc noopener noreferrer"" target=""_blank"">⁠⁠⁠⁠⁠⁠⁠https://www.patreon.com/AlVuelo⁠⁠⁠⁠⁠⁠⁠</a></p><p><br /></p><p>🔹 Join the Español al Vuelo Newsletter:⁠ <a href=""https://share.hsforms.com/29zggeGpoT822q0emc2-cBgdb1ea"" rel=""ugc noopener noreferrer"" target=""_blank"">⁠⁠⁠⁠⁠⁠⁠https://share.hsforms.com/29zggeGpoT822q0emc2-cBgdb1ea⁠⁠⁠⁠⁠⁠⁠</a></p><p><br /></p><p><br /></p>","Sun, 02 Nov 2025 19:16:00 GMT",00:25:36
My Experience With Horror,"<p><br /></p><p></p><p>🔹 Join the PATREON:<a href=""https://www.patreon.com/AlVuelo"">⁠⁠⁠⁠⁠⁠⁠https://www.patreon.com/AlVuelo⁠⁠⁠⁠⁠⁠⁠</a></p><p><br /></p><p>🔹 Join the Español al Vuelo Newsletter:⁠ <a href=""https://share.hsforms.com/29zggeGpoT822q0emc2-cBgdb1ea"">⁠⁠⁠⁠⁠⁠⁠https://share.hsforms.com/29zggeGpoT822q0emc2-cBgdb1ea⁠⁠⁠⁠⁠⁠⁠</a></p><p><br /></p>","Wed, 29 Oct 2025 19:45:01 GMT",00:19:28
The One Spanish Word That Means 100 Different Things,"<p>🤯💬 <em>The One Spanish Word That Means 100 Different Things</em></p><p><br />How can one little word change meaning completely depending on the context? 👀<br /></p><p>Welcome to Spanish — where one word can mean <em>everything… and nothing at the same time.</em> 😂</p><p><br /></p><p>Al Chile - Mexican Spanish: <a href=""https://open.spotify.com/show/65djwc2pJbMGEQCxpicE1l?si=14d7c02b449143aa"">⁠https://open.spotify.com/show/65djwc2pJbMGEQCxpicE1l?si=14d7c02b449143aa⁠</a></p><p><br /></p><p>🔹 Join the PATREON:<a href=""https://www.patreon.com/AlVuelo"">⁠⁠⁠⁠⁠⁠https://www.patreon.com/AlVuelo⁠⁠⁠⁠⁠⁠</a></p><p><br /></p><p>🔹 Join the Español al Vuelo Newsletter:⁠ <a href=""https://share.hsforms.com/29zggeGpoT822q0emc2-cBgdb1ea"">⁠⁠⁠⁠⁠⁠https://share.hsforms.com/29zggeGpoT822q0emc2-cBgdb1ea⁠⁠⁠⁠⁠⁠⁠</a></p><p><br /></p><p>🔹 Sign up for a 7-day Free Trial of Spanish Classes:⁠ <a href=""https://worldsacross.com/⁠"">⁠⁠⁠⁠⁠⁠https://worldsacross.com/⁠⁠</a></p><p></p>","Wed, 22 Oct 2025 19:35:00 GMT",00:14:29
How to Talk About Stores and Shopping in Spanish,"<p>From buying clothes to asking for sizes and prices, this lesson gives you all the vocabulary you need for your next shopping trip. 🧾✨<br />Perfect for real-life conversations (and avoiding awkward moments at the checkout). 😅</p><p>Al Chile - Mexican Spanish: <a href=""https://open.spotify.com/show/65djwc2pJbMGEQCxpicE1l?si=14d7c02b449143aa"" rel=""ugc noopener noreferrer"" target=""_blank"">https://open.spotify.com/show/65djwc2pJbMGEQCxpicE1l?si=14d7c02b449143aa</a></p><p><br /></p><p>🔹 Join the PATREON:<a href=""https://www.patreon.com/AlVuelo"" rel=""ugc noopener noreferrer"" target=""_blank"">⁠⁠⁠⁠⁠https://www.patreon.com/AlVuelo⁠⁠⁠⁠⁠</a></p><p><br /></p><p>🔹 Join the Español al Vuelo Newsletter:⁠ <a href=""https://share.hsforms.com/29zggeGpoT822q0emc2-cBgdb1ea"" rel=""ugc noopener noreferrer"" target=""_blank"">⁠⁠⁠⁠⁠https://share.hsforms.com/29zggeGpoT822q0emc2-cBgdb1ea⁠⁠⁠⁠⁠⁠</a></p><p><br /></p><p>🔹 Sign up for a 7-day Free Trial of Spanish Classes:⁠ <a href=""https://worldsacross.com/⁠"" rel=""ugc noopener noreferrer"" target=""_blank"">⁠⁠⁠⁠⁠https://worldsacross.com/⁠⁠</a></p><p><br /></p>","Mon, 20 Oct 2025 23:13:16 GMT",00:16:44
The Best and Worst Things About Living in Argentina Ft. Argentutor,"<p>🇦🇷✨ <em>The Best and Worst Things About Living in Argentina</em></p><p><br />From amazing coffee and late-night dinners to wild inflation and chaotic lines — the truth about daily life in Argentina. ☕💬</p><p><br />A mix of beauty, humor, and a little bit of <em>quilombo.</em> 😅</p><p><br /></p><p>Our guest <a href=""https://open.spotify.com/show/6czC5CQ8Ko3xNk40xnYQky?si=ca3cdc7bb4044ded"" rel=""ugc noopener noreferrer"" target=""_blank"">https://open.spotify.com/show/6czC5CQ8Ko3xNk40xnYQky?si=ca3cdc7bb4044ded</a></p><p><a href=""https://www.instagram.com/argentutor?utm_source=ig_web_button_share_sheet&amp;igsh=ZDNlZDc0MzIxNw=="" rel=""ugc noopener noreferrer"" target=""_blank"">https://www.instagram.com/argentutor?utm_source=ig_web_button_share_sheet&amp;igsh=ZDNlZDc0MzIxNw==</a></p><p>🔹 Join the PATREON:<a href=""https://www.patreon.com/AlVuelo"" rel=""ugc noopener noreferrer"" target=""_blank"">⁠⁠⁠⁠https://www.patreon.com/AlVuelo⁠⁠⁠⁠</a></p><p><br /></p><p>🔹 Join the Español al Vuelo Newsletter:⁠ <a href=""https://share.hsforms.com/29zggeGpoT822q0emc2-cBgdb1ea"" rel=""ugc noopener noreferrer"" target=""_blank"">⁠⁠⁠⁠https://share.hsforms.com/29zggeGpoT822q0emc2-cBgdb1ea⁠⁠⁠⁠⁠</a></p><p><br /></p><p>🔹 Sign up for a 7-day Free Trial of Spanish Classes:⁠ <a href=""https://worldsacross.com/⁠"" rel=""ugc noopener noreferrer"" target=""_blank"">⁠⁠⁠⁠https://worldsacross.com/⁠⁠</a></p><p><br /></p>","Wed, 15 Oct 2025 19:46:49 GMT",00:23:22
How to Talk About Friends and Friendship in Spanish,"<p>👯‍♀️❤️ <em>How to Talk About Friends and Friendship in Spanish</em><br />Learn the words and expressions to describe your besties, your close crew, and even that one <em>amigo con derecho</em>. 😉<br /></p><p>Because friendship is universal — but in Spanish, it sounds even warmer. 🇪🇸🌎</p><p>🔹 Join the PATREON:<a href=""https://www.patreon.com/AlVuelo"">⁠⁠⁠https://www.patreon.com/AlVuelo⁠⁠⁠</a></p><p><br /></p><p>🔹 Join the Español al Vuelo Newsletter:⁠ <a href=""https://share.hsforms.com/29zggeGpoT822q0emc2-cBgdb1ea"">⁠⁠⁠https://share.hsforms.com/29zggeGpoT822q0emc2-cBgdb1ea⁠⁠⁠⁠</a></p><p><br /></p><p>🔹 Sign up for a 7-day Free Trial of Spanish Classes:⁠ <a href=""https://worldsacross.com/⁠"">⁠⁠⁠https://worldsacross.com/⁠⁠</a></p><p></p>","Wed, 08 Oct 2025 19:45:01 GMT",00:17:42
Good Neighbors vs. Bad Neighbors in Spanish,"<p>🏡😅 <em>Good neighbors vs. bad neighbors… en español</em></p><p><br /></p><p>Learn the vocabulary and phrases to talk about those neighbors you love ❤️… and the ones you’d rather not mention 🙈.</p><p><br /></p><p>Perfect for practicing real-life Spanish with stories we all relate to. 💬✨</p><p><br /></p><p>🔹 Join the PATREON:<a href=""https://www.patreon.com/AlVuelo"">⁠⁠⁠https://www.patreon.com/AlVuelo⁠⁠⁠</a></p><p><br /></p><p>🔹 Join the Español al Vuelo Newsletter:⁠ <a href=""https://share.hsforms.com/29zggeGpoT822q0emc2-cBgdb1ea"">⁠⁠⁠https://share.hsforms.com/29zggeGpoT822q0emc2-cBgdb1ea⁠⁠⁠⁠</a></p><p><br /></p><p>🔹 Sign up for a 7-day Free Trial of Spanish Classes:⁠ <a href=""https://worldsacross.com/⁠"">⁠⁠⁠https://worldsacross.com/⁠⁠</a></p><p></p>","Sun, 05 Oct 2025 19:32:00 GMT",00:16:50
Everyday Spanish: Going to the Dentist,"<p>🦷✨ <em>Everyday Spanish: Going to the Dentist</em></p><p><br />From booking an appointment to describing your toothache, this lesson gives you the real vocabulary you’ll need at the dentist. 💬</p><p><br />Perfect for beginners who want practical Spanish for real-life situations. 🚀</p><p><br /></p><p>🔹 Join the PATREON:<a href=""https://www.patreon.com/AlVuelo"" rel=""ugc noopener noreferrer"" target=""_blank"">⁠⁠https://www.patreon.com/AlVuelo⁠⁠</a></p><p><br /></p><p>🔹 Join the Español al Vuelo Newsletter:⁠ <a href=""https://share.hsforms.com/29zggeGpoT822q0emc2-cBgdb1ea"" rel=""ugc noopener noreferrer"" target=""_blank"">⁠⁠https://share.hsforms.com/29zggeGpoT822q0emc2-cBgdb1ea⁠⁠⁠</a></p><p><br /></p><p>🔹 Sign up for a 7-day Free Trial of Spanish Classes:⁠ <a href=""https://worldsacross.com/⁠"" rel=""ugc noopener noreferrer"" target=""_blank"">⁠⁠https://worldsacross.com/⁠⁠</a></p><p><br /></p><p><br /></p>","Wed, 01 Oct 2025 19:45:00 GMT",00:16:27
My Wildest Public Transport Story,"<p>🚌🤣 <em>My Wildest Public Transport Story</em></p><p><br />From chaos on the bus to unexpected characters, this story has it all — plus the Spanish vocabulary you need for real-life adventures.</p><p><br />Perfect mix of laughter + learning. 💬✨</p><p>🔹 Join the PATREON:<a href=""https://www.patreon.com/AlVuelo"">⁠https://www.patreon.com/AlVuelo⁠</a></p><p><br /></p><p>🔹 Join the Español al Vuelo Newsletter:⁠ <a href=""https://share.hsforms.com/29zggeGpoT822q0emc2-cBgdb1ea"">⁠https://share.hsforms.com/29zggeGpoT822q0emc2-cBgdb1ea⁠⁠</a></p><p><br /></p><p>🔹 Sign up for a 7-day Free Trial of Spanish Classes:⁠ <a href=""https://worldsacross.com/⁠"">⁠https://worldsacross.com/⁠</a></p><p></p>","Wed, 24 Sep 2025 19:45:00 GMT",00:22:32
"Argentinian Breakfast Culture: Sweet, Simple, and No Eggs?!","<p>Discover why mornings in Argentina are all about <strong>medialunas, toast, and mate or coffee</strong> — but rarely scrambled eggs.<br /></p><p>A tasty way to learn Spanish through culture. 🇦🇷✨</p><p>🔹 Join the PATREON:<a href=""https://www.patreon.com/AlVuelo"" rel=""noopener noreferer"" target=""_blank"">https://www.patreon.com/AlVuelo</a></p><p><br /></p><p>🔹 Join the Español al Vuelo Newsletter:⁠ <a href=""https://share.hsforms.com/29zggeGpoT822q0emc2-cBgdb1ea"" rel=""noopener noreferer"" target=""_blank"">https://share.hsforms.com/29zggeGpoT822q0emc2-cBgdb1ea⁠</a></p><p><br /></p><p>🔹 Sign up for a 7-day Free Trial of Spanish Classes:⁠ <a href=""https://worldsacross.com/⁠"" rel=""noopener noreferer"" target=""_blank"">https://worldsacross.com/⁠</a></p><p><br /></p>","Sun, 21 Sep 2025 19:22:00 GMT",00:17:57
How to Clean Your House in Spanish (Intermediate Practice),"<p>🧹✨ How to clean your house… in Spanish</p><p>In this intermediate practice, you’ll learn the real vocabulary and phrases we use every day to tidy up, sweep, mop, and more.</p><p>Perfect for talking about daily life in Spanish while picking up super practical expressions. 💬🏠</p><p><br /></p><p>🔹 Join the PATREON:<a href=""https://www.patreon.com/AlVuelo"" rel=""ugc noopener noreferrer"" target=""_blank"">https://www.patreon.com/AlVuelo</a></p><p><br /></p><p>🔹 Join the Español al Vuelo Newsletter:⁠ <a href=""https://share.hsforms.com/29zggeGpoT822q0emc2-cBgdb1ea"">⁠https://share.hsforms.com/29zggeGpoT822q0emc2-cBgdb1ea⁠⁠</a></p><p><br /></p><p>🔹 Sign up for a 7-day Free Trial of Spanish Classes:⁠ <a href=""https://worldsacross.com/⁠"">⁠https://worldsacross.com/⁠</a></p><p></p>","Wed, 17 Sep 2025 20:00:08 GMT",00:17:19
4 card games that shaped my life,"<p>From family gatherings playing <em>Truco</em> to late-night <em>Poker</em> matches, childhood memories with <em>Yu-Gi-Oh!</em> and even competing semi-professionally in <em>Hearthstone</em>, I’ll take you through the card games that left a mark on me — while learning tons of useful Spanish vocabulary along the way.</p><p><br /></p><p>👉 Perfect for learning Spanish while discovering Latin American traditions, global gaming culture, and a few fun personal stories. 🌎✨</p><p><br /></p><p>🔹 Join the PATREON:<a href=""https://www.patreon.com/AlVuelo"">⁠https://www.patreon.com/AlVuelo⁠</a></p><p><br /></p><p>🔹 Join the Español al Vuelo Newsletter:⁠ <a href=""https://share.hsforms.com/29zggeGpoT822q0emc2-cBgdb1ea"">⁠https://share.hsforms.com/29zggeGpoT822q0emc2-cBgdb1ea⁠⁠</a></p><p><br /></p><p>🔹 Sign up for a 7-day Free Trial of Spanish Classes:⁠ <a href=""https://worldsacross.com/⁠"">⁠https://worldsacross.com/⁠</a></p><p><br /></p><p><br /></p>","Sun, 14 Sep 2025 23:10:24 GMT",00:20:34
What election day is like in Argentina,"<p>🗳️🇦🇷 <em>What is election day really like in Argentina?</em></p><p><br />From long lines to voting with paper ballots, we’ll show you how Argentinians live this important day — with all the culture, traditions, and of course, some Spanish vocabulary along the way.</p><p><br /></p><p>👉 Perfect for learning Spanish while discovering how democracy works in Latin America. 🌎✨</p><p><br /></p><p>🔹 Join the PATREON:<a href=""https://www.patreon.com/AlVuelo"">⁠https://www.patreon.com/AlVuelo⁠</a></p><p><br /></p><p>🔹 Join the Español al Vuelo Newsletter:⁠ <a href=""https://share.hsforms.com/29zggeGpoT822q0emc2-cBgdb1ea"">⁠https://share.hsforms.com/29zggeGpoT822q0emc2-cBgdb1ea⁠⁠</a></p><p><br /></p><p>🔹 Sign up for a 7-day Free Trial of Spanish Classes:⁠ <a href=""https://worldsacross.com/⁠"">⁠https://worldsacross.com/⁠</a></p>","Wed, 10 Sep 2025 19:30:00 GMT",00:16:07
Are You a Early Bird or Night Owl? ⏰🌙,"<p>Do you prefer waking up early or staying up late? In this episode, I’ll share my personal experiences with <em>madrugar</em> and <em>trasnochar</em>, while teaching you common Spanish words and expressions related to sleep, routines, and daily life.</p><p>It’s the perfect mix of cultural insights and practical vocabulary to take your Spanish to the next level. 🚀💬</p><p><br /></p><p>🔹 Join the PATREON:<a href=""https://www.patreon.com/AlVuelo"">⁠https://www.patreon.com/AlVuelo⁠</a></p><p><br /></p><p>🔹 Join the Español al Vuelo Newsletter:⁠ <a href=""https://share.hsforms.com/29zggeGpoT822q0emc2-cBgdb1ea"">⁠https://share.hsforms.com/29zggeGpoT822q0emc2-cBgdb1ea⁠⁠</a></p><p><br /></p><p>🔹 Sign up for a 7-day Free Trial of Spanish Classes:⁠ <a href=""https://worldsacross.com/⁠"">⁠https://worldsacross.com/⁠</a></p><p></p>","Sun, 07 Sep 2025 20:46:11 GMT",00:17:14
Life as a student in Argentina,"<p>🎒🇦🇷 Life as a student in Argentina</p><p><br /></p><p>From mate in your backpack to long after-dinner conversations with friends, I'll show you what it's really like to study in Argentina while you learn useful Spanish vocabulary.</p><p><br /></p><p>Perfect for discovering culture and practicing the language at the same time. 🌎💬</p><p></p><p>🔹 Join the PATREON:<a href=""https://www.patreon.com/AlVuelo"">⁠https://www.patreon.com/AlVuelo⁠</a></p><p><br /></p><p>🔹 Join the Español al Vuelo Newsletter:⁠ <a href=""https://share.hsforms.com/29zggeGpoT822q0emc2-cBgdb1ea"">⁠https://share.hsforms.com/29zggeGpoT822q0emc2-cBgdb1ea⁠⁠</a></p><p><br /></p><p>🔹 Sign up for a 7-day Free Trial of Spanish Classes:⁠ <a href=""https://worldsacross.com/⁠"">⁠https://worldsacross.com/⁠</a></p><p><br /></p>","Wed, 03 Sep 2025 19:49:23 GMT",00:20:02
My full training routine,"<p>In this episode, I show you step by step how to talk about exercise and workouts in Spanish—with clear vocabulary and easy phrases so you can practice too.</p><p><br /></p><p>Perfect for learning Spanish...and getting in shape at the same time! 🏋️‍♂️✨</p><p>🔹 Join the PATREON:<a href=""https://www.patreon.com/AlVuelo"">⁠https://www.patreon.com/AlVuelo⁠</a></p><p><br /></p><p>🔹 Join the Español al Vuelo Newsletter:⁠ <a href=""https://share.hsforms.com/29zggeGpoT822q0emc2-cBgdb1ea"">⁠https://share.hsforms.com/29zggeGpoT822q0emc2-cBgdb1ea⁠⁠</a></p><p><br /></p><p>🔹 Sign up for a 7-day Free Trial of Spanish Classes:⁠ <a href=""https://worldsacross.com/⁠"">⁠https://worldsacross.com/⁠</a></p><p></p>","Sun, 31 Aug 2025 18:11:54 GMT",00:18:43
My Worst Hotel Experience Ever,"<p>🏨🙈 My worst hotel experience... ever.</p><p><br /></p><p>Between laughter, stress, and lots of useful vocabulary, I'll tell you this story in Spanish that's easy for beginners to understand.</p><p><br /></p><p>Because yes: even bad experiences are good for learning 😂💬</p><p>🔹 Join the PATREON:<a href=""https://www.patreon.com/AlVuelo"">⁠https://www.patreon.com/AlVuelo⁠</a></p><p><br /></p><p>🔹 Join the Español al Vuelo Newsletter:⁠ <a href=""https://share.hsforms.com/29zggeGpoT822q0emc2-cBgdb1ea"">⁠https://share.hsforms.com/29zggeGpoT822q0emc2-cBgdb1ea⁠⁠</a></p><p><br /></p><p>🔹 Sign up for a 7-day Free Trial of Spanish Classes:⁠ <a href=""https://worldsacross.com/⁠"">⁠https://worldsacross.com/⁠⁠</a></p>","Wed, 27 Aug 2025 19:45:01 GMT",00:20:58
My Strange Superstitions in Spanish,"<p>Did you know that superstitions are still a big part of daily life in Spanish-speaking countries?<br />From fútbol rituals to avoiding the number 13, people still follow these unwritten rules everywhere.</p><p>In this video, we explore the most common <strong>Latin American superstitions</strong>—explained in clear, understandable Spanish, with real cultural examples that will surprise you.</p><p><br /></p><p>🔹 Join the PATREON:<a href=""https://www.patreon.com/AlVuelo"">⁠https://www.patreon.com/AlVuelo⁠</a></p><p><br /></p><p>🔹 Join the Español al Vuelo Newsletter:⁠ <a href=""https://share.hsforms.com/29zggeGpoT822q0emc2-cBgdb1ea"">⁠https://share.hsforms.com/29zggeGpoT822q0emc2-cBgdb1ea⁠⁠</a></p><p><br /></p><p>🔹 Sign up for a 7-day Free Trial of Spanish Classes:⁠ <a href=""https://worldsacross.com/⁠"">⁠https://worldsacross.com/⁠⁠</a></p>","Sun, 24 Aug 2025 17:25:12 GMT",00:20:32
"Would You Be a Samurai, a Pirate, or a Cowboy?","<p>⚔️🤠🏴‍☠️ Samurai, cowboy, or pirate... which one would you be?</p><p><br /></p><p>Each one has their own style, story, and Spanish vocabulary. </p><p><br /></p><p>👀Choose your favorite and tell us why in the comments.</p><p></p><p>🔹 Join the PATREON:<a href=""https://www.patreon.com/AlVuelo"">⁠⁠https://www.patreon.com/AlVuelo⁠⁠</a></p><p><br /></p><p>🔹 Join the Español al Vuelo Newsletter:⁠ <a href=""https://share.hsforms.com/29zggeGpoT822q0emc2-cBgdb1ea"">⁠⁠https://share.hsforms.com/29zggeGpoT822q0emc2-cBgdb1ea⁠⁠⁠</a></p><p><br /></p><p>🔹 Sign up for a 7-day Free Trial of Spanish Classes:⁠ <a href=""https://worldsacross.com/⁠"">⁠⁠https://worldsacross.com/⁠⁠⁠</a></p><p><br /></p>","Wed, 20 Aug 2025 19:46:29 GMT",00:17:33
The Unwritten Rules of Mate Ft. Español Desde el Sur,"<p>🧉 The Unwritten Rules of Mate</p><p><br /></p><p>From how to brew it to when to say “thank you”, we explore with Español Desde el Sur all those codes you won't find in a book.</p><p><br /></p><p>🔹Español Desde El Sur https://open.spotify.com/show/3GsEXmvd72ujuD58D8YOjf?si=502960a1b7624a30</p><p><br /></p><p>🔹Visit my newsletter and our 7 day free trial https://atom.bio/espanolalvuelo</p><p><br /></p><p><br /></p>","Wed, 13 Aug 2025 19:48:01 GMT",00:16:55
My Daily Meals in Spanish,"<p>🍽️ Want to learn Spanish while discovering what I eat in a day?</p><p>In this video I show you my daily meals using clear, slow Spanish and full of useful vocabulary for real life.</p><p><br /></p><p>🔹Visit my newsletter and our 7 day free trial https://atom.bio/espanolalvuelo</p>","Wed, 06 Aug 2025 19:45:01 GMT",00:18:58
English Words We Use All the Time in Spanish,"<p>🇺🇸➡️🇪🇸 Did you know that we use English words ALL the time in Spanish?</p><p>From shopping to delivery, Spanglish has become ubiquitous.</p><p>In this video, we show you the most common Anglicisms that we use without realizing it—with clear explanations and real examples in understandable Spanish.</p><p><br /></p><p>🔹Join the Español al Vuelo Newsletter here:</p><p><a href=""https://db1ea.share.hsforms.com/29zggeGpoT822q0emc2-cBg"" rel=""ugc noopener noreferrer"" target=""_blank"">⁠⁠https://db1ea.share.hsforms.com/29zggeGpoT822q0emc2-cBg⁠⁠</a></p><p><br /></p><p>🔹 Sign up for a 7-day Free Trial: <a href=""https://worldsacross.com/"" rel=""ugc noopener noreferrer"" target=""_blank"">⁠https://worldsacross.com/⁠</a> </p><p>Accelerate your Spanish learning journey with our Spanish Classes. </p><p></p>","Wed, 30 Jul 2025 19:40:00 GMT",00:17:48
Describing THE BEST Animals in Spanish,"<p>🦎🐧 What if your Spanish teacher suddenly turned into a National Geographic narrator?</p><p>In this episode of <em>Español al Vuelo</em>, we dive into the wild world of animals—crocodiles, penguins, ants, and the legendary capybara 🐊🐜<br />Expect fascinating facts, weird made-up verbs, and a lot of love for creatures that chill harder than we do.</p><p>🔹Join the Español al Vuelo Newsletter here:</p><p><a href=""https://db1ea.share.hsforms.com/29zggeGpoT822q0emc2-cBg"">⁠https://db1ea.share.hsforms.com/29zggeGpoT822q0emc2-cBg⁠</a></p><p><br /></p><p>🔹 Sign up for a 7-day Free Trial: <a href=""https://worldsacross.com/"" rel=""noopener noreferer"" target=""_blank"">https://worldsacross.com/</a> </p><p>Accelerate your Spanish learning journey with our Spanish Classes. </p>","Wed, 23 Jul 2025 19:00:00 GMT",00:22:13
Learn Spanish Through Video Games Ft. SpanishBoost,"<p>🎮💬 What if playing games also counted as studying Spanish?</p><p><br /></p><p>In this episode of Español al Vuelo we talk about how video games can help you learn real vocabulary, improve your comprehension, and have fun in the process 🧠⚡</p><p>Join Martín here:</p><p>🔹<a href=""https://www.youtube.com/@spanishboostmartin"">⁠https://www.youtube.com/@spanishboostmartin⁠</a> 🔹<a href=""https://www.youtube.com/@spanishboostgaming"">⁠https://www.youtube.com/@spanishboostgaming</a></p><p>🔹Join the Español al Vuelo Newsletter here:</p><p><a href=""https://db1ea.share.hsforms.com/29zggeGpoT822q0emc2-cBg"" rel=""noopener noreferer"" target=""_blank"">https://db1ea.share.hsforms.com/29zggeGpoT822q0emc2-cBg</a></p><p><br /></p><p><br /></p><p>🔹 Sign up for a 7-day Free Trial: https://worldsacross.com/ Accelerate your Spanish learning journey with our Spanish Classes. </p>","Wed, 16 Jul 2025 16:59:40 GMT",00:26:46
Understanding Argentina’s National Holidays - Español Al Vuelo S02 x Ep 35,<p>In this episode of Spanish on the Fly we explore Argentina's national holidays😄.</p><p>Perfect for learning Spanish with real context ✨</p><p><br /></p><p>Join the Español al Vuelo Newsletter here: https://db1ea.share.hsforms.com/29zggeGpoT822q0emc2-cBg</p><p>🔹 Sign up for a 7-day Free Trial: https://worldsacross.com/ Accelerate your Spanish learning journey with our Spanish Classes. </p><p>🔹 Follow Us: </p><p>- Facebook Group: https://www.facebook.com/groups/1637964493335353</p><p>- Instagram: https://instagram.com/worldsacross</p>,"Wed, 09 Jul 2025 20:01:52 GMT",00:17:52
How to Talk About Your Haircut in Spanish - Español Al Vuelo S02 x Ep 34,"<p>💇‍♂️ New haircut?In this episode of Spanish on the Fly, we talk about vocabulary, expressions and universal hairdressing dramas 😅✂️Because knowing how to say “me hice un corte"" is also part of speaking like a native 😉Join the Español al Vuelo Newsletter here: https://db1ea.share.hsforms.com/29zggeGpoT822q0emc2-cBg🔹 Sign up for a 7-day Free Trial: https://worldsacross.com/ Accelerate your Spanish learning journey with our Spanish Classes. 🔹 Follow Us: - Facebook Group: https://www.facebook.com/groups/1637964493335353- Instagram: https://instagram.com/worldsacross</p>","Wed, 02 Jul 2025 19:30:00 GMT",00:17:52
My Spanish is becoming Venezuelan - Español Al Vuelo S02 x Ep 33,"<p>Argentina + Venezuela = a clash of accents, arepas and lots of laughter 😂</p><p>What happens when an Argentinean lives surrounded by Venezuelans?</p><p>Spoiler: he starts saying “vaina” without realizing it 😅</p><p>🎧 Listen to it in the new episode of Español al Vuelo - S02 Ep. 33</p><p><br /></p><p>🔹 Sign up for a 7-day Free Trial: https://worldsacross.com/ Accelerate your Spanish learning journey with our Spanish Classes. </p><p><br /></p><p>Join the Español al Vuelo Newsletter here: https://db1ea.share.hsforms.com/29zggeGpoT822q0emc2-cBg</p><p><br /></p><p>🔹 Follow Us: </p><p>- Facebook Group: https://www.facebook.com/groups/1637964493335353</p><p>- Instagram: https://instagram.com/worldsacross</p>","Wed, 25 Jun 2025 19:30:00 GMT",00:18:26
My Life During the 2020 Lockdown - Español Al Vuelo S02 x Ep 32,"<p>🧟‍♂️ My own version of The Walking Dead... but with fever and no toilet paper 😂</p><p><br /></p><p>In this episode of Spanish on the Fly I tell you how I lived through the pandemic: the weird days, the unexpected changes and everything I learned along the way.</p><p><br /></p><p>🎧 Ep. 32 - Real, human Spanish with a bit of pandemic madness 🧻💬</p><p>🔹 Sign up for a 7-day Free Trial: https://worldsacross.com/ Accelerate your Spanish learning journey with our Spanish Classes. </p><p><br /></p><p>Join the Español al Vuelo Newsletter here: https://db1ea.share.hsforms.com/29zggeGpoT822q0emc2-cBg</p><p><br /></p><p>🔹 Follow Us: </p><p>- Facebook Group: https://www.facebook.com/groups/1637964493335353</p><p>- Instagram: https://instagram.com/worldsacross</p>","Wed, 18 Jun 2025 19:30:00 GMT",00:17:35
Let's Talk About Music - Español Al Vuelo S02 x Ep 03,"<p>Rock, Tango, Trap, and Bachata are just a few of the many musical genres that exist worldwide. While our host admits to not being very musically cultured, we put together an episode that delves into the music heard in Argentina and, why not, across Latin America.<br />&quot;Rock Nacional,&quot; as Argentine Rock is known; old-school Reggaeton, which had a huge impact on the region; Cumbia, another incredibly popular genre; and Cuarteto from Córdoba, a national emblem.</p><p>We invite you to listen to this episode, where you're sure to discover many facets of this universe. Tell us: What are your favorite musical genres?</p><p>Join the Español al Vuelo Newsletter here: https://db1ea.share.hsforms.com/29zggeGpoT822q0emc2-cBg</p><p>🔹 <em>Sign up for a 7-day Free Trial:</em><a href=""https://worldsacross.com/"" rel=""ugc noopener noreferrer"" target=""_blank"">⁠⁠⁠⁠https://worldsacross.com/⁠⁠⁠⁠</a></p><p>Accelerate your Spanish learning journey with our Spanish classes.</p><p>🔹 <em>Follow Us:</em></p><ul><li>Facebook Group: <a href=""https://www.facebook.com/groups/1637964493335353"" rel=""ugc noopener noreferrer"" target=""_blank"">⁠⁠⁠⁠https://www.facebook.com/groups/1637964493335353⁠⁠⁠⁠</a></li><li>Instagram: <a href=""https://instagram.com/worldsacross"" rel=""ugc noopener noreferrer"" target=""_blank"">⁠⁠⁠⁠https://instagram.com/worldsacross⁠</a></li></ul>","Sat, 14 Jun 2025 15:10:01 GMT",00:15:51
Learn Spanish While Talking About Sleeping Habits - Español Al Vuelo S02 x Ep 31,"<p>😴 Are you one of those who sleep 8 hours... or one of those who say “just 5 more minutes”?</p><p>In this episode of Spanish on the Fly we talk about sleep habits, naps, snoring and more -all in clear and understandable Spanish 🛏️💬</p><p>🎧 Season 2 - Episode 31</p><p>Ideal to practice while you relax (or fall asleep listening to it 😅)</p><p>🔹 Sign up for a 7-day Free Trial: https://worldsacross.com/ Accelerate your Spanish learning journey with our Spanish Classes. </p><p>Join the Español al Vuelo Newsletter here: https://db1ea.share.hsforms.com/29zggeGpoT822q0emc2-cBg</p><p>🔹 Follow Us: </p><p>- Facebook Group: https://www.facebook.com/groups/1637964493335353</p><p>- Instagram: https://instagram.com/worldsacross</p>","Wed, 11 Jun 2025 19:25:00 GMT",00:16:49
Talking about podcasting in Spanish - Español Al Vuelo S02 x Ep 30,"<p>🎙️ Have you ever thought about podcasting?</p><p>In this episode of Español al Vuelo, we talk about podcasting in Spanish: what it is, how it works and why it's an amazing way to learn (and create!) content in another language 🌍🎧<br /></p><p>🔹 Sign up for a 7-day Free Trial: https://worldsacross.com/ Accelerate your Spanish learning journey with our Spanish Classes. </p><p>Join the Español al Vuelo Newsletter here: https://db1ea.share.hsforms.com/29zggeGpoT822q0emc2-cBg</p><p><br /></p><p>🔹Subscribe to our channel MundosAcross for Beginners and Intermediates</p><p>👉 https://www.youtube.com/channel/UCfDYPT2q-HRQES9kADCqm8A</p><p>👉https://www.youtube.com/channel/UC9_cUuo4ue0T7lqwyLfx-vQ</p><p>You will find videos with understandable input, useful vocabulary and real-life situations to learn in a natural, fun way and at your own pace 💬✨</p><p><br /></p><p>🔹 Follow Us: </p><p>- Facebook Group: https://www.facebook.com/groups/1637964493335353</p><p>- Instagram: https://instagram.com/worldsacross</p>","Wed, 04 Jun 2025 21:59:16 GMT",00:20:08
Argentina vs. Uruguay: How different are they really? - Español Al Vuelo S02 x Ep 29,"<p>🇺🇾 Talking about my trip to Uruguay...</p><p>Mate, beaches, an accent that hugs you and many anecdotes that could only happen in the south 😄✨.</p><p><br /></p><p>In this video I tell you everything (and in Spanish, of course!).</p><p>Have you ever been to Uruguay, or would you like to go?</p><p><br /></p><p>🔹 Sign up for a 7-day Free Trial: https://worldsacross.com/ Accelerate your Spanish learning journey with our Spanish Classes. </p><p><br /></p><p>Join the Español al Vuelo Newsletter here: https://db1ea.share.hsforms.com/29zggeGpoT822q0emc2-cBg</p><p><br /></p><p>🔹Subscribe to our channel MundosAcross for Beginners and Intermediates</p><p>👉 https://www.youtube.com/channel/UCfDYPT2q-HRQES9kADCqm8A</p><p>👉https://www.youtube.com/channel/UC9_cUuo4ue0T7lqwyLfx-vQYou will find videos with understandable input, useful vocabulary and real-life situations to learn in a natural, fun way and at your own pace 💬✨</p><p><br /></p><p>🔹 Follow Us: </p><p>- Facebook Group: https://www.facebook.com/groups/1637964493335353</p><p>- Instagram: https://instagram.com/worldsacross</p>","Wed, 28 May 2025 19:42:39 GMT",00:20:31
Home Office in Spanish - Español Al Vuelo S02 x Ep 28,"<p>💻In this video we talk about the vocabulary you need if you work from home... but in Spanish.</p><p><br /></p><p>Words like “meeting”, “mail”, “screen sharing”, “being muted” and more.</p><p><br /></p><p>Ideal if you are a freelancer, have calls with Spanish speakers or just want to sound more pro in your day to day life.</p><p>Let's make it simple and useful!</p><p><br /></p><p>🔹 Sign up for a 7-day Free Trial: https://worldsacross.com/ Accelerate your Spanish learning journey with our Spanish Classes. </p><p><br /></p><p>Join the Español al Vuelo Newsletter here: https://db1ea.share.hsforms.com/29zggeGpoT822q0emc2-cBg</p><p><br /></p><p>🔹Subscribe to our channel MundosAcross for Beginners and Intermediates</p><p>👉 https://www.youtube.com/channel/UCfDYPT2q-HRQES9kADCqm8A</p><p>👉https://www.youtube.com/channel/UC9_cUuo4ue0T7lqwyLfx-vQYou will find videos with understandable input, useful vocabulary and real-life situations to learn in a natural, fun way and at your own pace 💬✨</p><p><br /></p><p>🔹 Follow Us: - Facebook Group: https://www.facebook.com/groups/1637964493335353- Instagram: https://instagram.com/worldsacross</p>","Wed, 21 May 2025 19:25:00 GMT",00:15:32
Spanish Vocabulary You Need at a Concert - Español Al Vuelo S02 x Ep 27,"<p>In this video we take you to the heart of the show to teach you real phrases, expressions that are shouted without thinking and vocabulary that does not appear in books.</p><p>Because Spanish is not only studied... it's lived out loud! 🔊🇪🇸</p><p><br /></p><p>🔹 Sign up for a 7-day Free Trial: https://worldsacross.com/ Accelerate your Spanish learning journey with our Spanish Classes. </p><p><br /></p><p>🔹Subscribe to our channel MundosAcross for Beginners and Intermediates</p><p>👉 https://www.youtube.com/channel/UCfDYPT2q-HRQES9kADCqm8A</p><p>👉https://www.youtube.com/channel/UC9_cUuo4ue0T7lqwyLfx-vQ</p><p>You will find videos with understandable input, useful vocabulary and real-life situations to learn in a natural, fun way and at your own pace 💬✨</p><p><br /></p><p>🔹 Follow Us: - Facebook Group: https://www.facebook.com/groups/1637964493335353- Instagram: https://instagram.com/worldsacross </p>","Wed, 14 May 2025 19:30:00 GMT",00:17:07
How to Say Hello in Spanish - Español Al Vuelo S02 x Ep 26,"<p>Did you know that in Spanish there are many more ways to say hello than just “hola”?</p><p>In this video we show you how to greet as native speakers do: from the formal to the more relaxed and everyday.</p><p>Spoiler: not all greetings come in textbooks 😅</p><p>Give play and learn how to say “hello”!</p><p>🔹 Sign up for a 7-day Free Trial: https://worldsacross.com/ Accelerate your Spanish learning journey with our Spanish Classes. </p><p>Join the Español al Vuelo Newsletter here: https://db1ea.share.hsforms.com/29zggeGpoT822q0emc2-cBg</p><p><br /></p><p>🔹Subscribe to our channel MundosAcross for Beginners and Intermediates</p><p>👉 https://www.youtube.com/channel/UCfDYPT2q-HRQES9kADCqm8A</p><p>👉https://www.youtube.com/channel/UC9_cUuo4ue0T7lqwyLfx-vQ</p><p>You will find videos with understandable input, useful vocabulary and real-life situations to learn in a natural, fun way and at your own pace 💬✨</p><p><br /></p><p>🔹 Follow Us: </p><p>- Facebook Group: https://www.facebook.com/groups/1637964493335353</p><p>- Instagram: https://instagram.com/worldsacross </p>","Wed, 07 May 2025 07:00:00 GMT",00:14:51
Learn Spanish While Eating Out! - Español Al Vuelo S02 x Ep 25,"<p>Going out to eat, take your Spanish with you too! 🍕🗣️</p><p>In this video we show you real phrases, useful vocabulary and expressions you'll hear (and need) when you go out to eat in a Spanish-speaking country.</p><p>👉 Play it and order like a local!</p><p><br /></p><p>🔹 Sign up for a 7-day Free Trial: https://worldsacross.com/ Accelerate your Spanish learning journey with our Spanish Classes. </p><p><br /></p><p>🔹Subscribe to our channel MundosAcross for Beginners and Intermediates</p><p>👉 https://www.youtube.com/channel/UCfDYPT2q-HRQES9kADCqm8A</p><p>👉https://www.youtube.com/channel/UC9_cUuo4ue0T7lqwyLfx-vQ</p><p>You will find videos with understandable input, useful vocabulary and real-life situations to learn in a natural, fun way and at your own pace 💬✨</p><p><br /></p><p>🔹 Follow Us: </p><p>- Facebook Group: https://www.facebook.com/groups/1637964493335353</p><p>- Instagram: https://instagram.com/worldsacross </p>","Wed, 30 Apr 2025 19:23:46 GMT",00:17:59
When you are sick 🤧- Español Al Vuelo S02 x Ep 24,"<p>Are you sick, congested, with a sore throat?</p><p><br /></p><p>In this episode of Spanish al Vuelo we talk about the vocabulary you need to survive autumn in Argentina (and its colds too 🥶).</p><p><br /></p><p>💬 Learn how to say you're in pain, how to ask at the pharmacy and what phrases to use when you're just too tired.</p><p><br /></p><p>🎧 Play Ep 24 and get ready for the snotty season with good humor and good Spanish 😄</p><p><br /></p><p>🔹 Sign up for a 7-day Free Trial: https://worldsacross.com/ Accelerate your Spanish learning journey with our Spanish Classes. </p><p><br /></p><p>🔹Subscribe to our channel MundosAcross for Beginners and Intermediates</p><p>👉 https://www.youtube.com/channel/UCfDYPT2q-HRQES9kADCqm8A</p><p>👉https://www.youtube.com/channel/UC9_cUuo4ue0T7lqwyLfx-vQ</p><p>You will find videos with understandable input, useful vocabulary and real-life situations to learn in a natural, fun way and at your own pace 💬✨</p><p><br /></p><p>🔹 Follow Us: </p><p>- Facebook Group: https://www.facebook.com/groups/1637964493335353</p><p>- Instagram: https://instagram.com/worldsacross </p>","Wed, 23 Apr 2025 18:42:17 GMT",00:17:14
Let's talk about money: What are investments? - Español Al Vuelo S02 x Ep 23,"<p>💸 Let's talk about money... in Spanish.</p><p>In this episode of Spanish al Vuelo we talk about what investments are, how they work, and give you real examples with useful vocabulary so you can talk about money without fear 💬</p><p>🎧 Listen to it and learn Spanish while you understand the financial world step by step.</p><p><br /></p><p>📌 Sign up for a 7-day Free Trial: https://worldsacross.com/</p><p>Accelerate your Spanish learning journey with our Spanish Classes.</p><p><br /></p><p>Join the Español al Vuelo Newsletter here: https://db1ea.share.hsforms.com/29zggeGpoT822q0emc2-cBg</p><p><br /></p><p>📌 Follow Us:</p><p>- Facebook Group: https://www.facebook.com/groups/1637964493335353 </p><p>- Instagram: https://instagram.com/worldsacross</p>","Wed, 16 Apr 2025 20:00:00 GMT",00:17:48
My daily routine - Español Al Vuelo S02 x Ep 22,"<p>☕ How to tell your daily routine in Spanish without getting complicated?</p><p><br /></p><p>In this episode of Spanish Al Vuelo, we share with you a real routine, with simple phrases and useful vocabulary for you to learn Spanish by listening to everyday situations.</p><p><br /></p><p>🎧 Perfect for intermediate level students who want to improve their comprehension with natural and accessible input.</p><p><br /></p><p>👉 Try our 7-day trial with unlimited classes and start practicing with native tutors.</p><p>Join the Español al Vuelo Newsletter here: https://db1ea.share.hsforms.com/29zggeGpoT822q0emc2-cBg</p><p><br /></p><p>📌 Sign up for a 7-day Free Trial: https://worldsacross.com/</p><p>Accelerate your Spanish learning journey with our Spanish Classes.</p><p><br /></p><p>📌 Follow Us:</p><p>- Facebook Group: https://www.facebook.com/groups/1637964493335353 </p><p>- Instagram: https://instagram.com/worldsacross</p>","Wed, 09 Apr 2025 20:28:47 GMT",00:15:04
How to ask for directions (Without getting lost in the attempt) - Español Al Vuelo S02 x Ep 21,"<p>Can you imagine being in a Spanish-speaking city, with no Wi-Fi, no GPS... and no idea how to get to that museum you wanted to visit so badly?😅</p><p><br /></p><p>In this episode, we teach you the essential phrases and expressions to ask for directions and get your bearings, whether you're exploring a new city or just trying to find a coffee shop.</p><p><br /></p><p>🚨SPOILER: you don't have to speak perfect, just subscribe to this podcast so you don't miss out.</p><p><br /></p><p>👉 Try our 7-day trial with unlimited classes and start practicing with native tutors.</p><p><br /></p><p>📌 WorldsAcross Experience in Buenos Aires*</p><p>https://worldsacross.com/spanishimmersion/</p><p>Join the conversation and share your thoughts in the comments below!</p><p><br /></p><p>📌 Sign up for a 7-day Free Trial: https://worldsacross.com/</p><p>Accelerate your Spanish learning journey with our Spanish Classes.</p><p><br /></p><p>📌 Follow Us:</p><p>- Facebook Group: https://www.facebook.com/groups/1637964493335353 </p><p>- Instagram: https://instagram.com/worldsacross</p>","Wed, 02 Apr 2025 19:40:32 GMT",00:18:37
Cementerio De La Recoleta - Español Al Vuelo S02 x Ep 20,"<p>The Recoleta Cemetery is one of the main attractions in Buenos Aires. How? A cemetery as a tourist attraction?</p><p>Well, it might seem a little strange, but this happens because this cemetery is very iconic for its design, and also because many of Argentina's national heroes are buried there.</p><p>The mausoleums are impressive architectural works, truly remarkable.</p><p>The cemetery is a great place to film a horror movie because it’s really gloomy.</p><p>But if you have the chance to travel, you should definitely visit the Recoleta Cemetery in Buenos Aires!</p><p>Tell us in the comments what you think about this.</p><p>Join the Español al Vuelo Newsletter here: https://db1ea.share.hsforms.com/29zggeGpoT822q0emc2-cBg</p><p><br /></p><p>🔹 *Sign up for a 7-day Free Trial:* https://worldsacross.com/</p><p>Accelerate your Spanish learning journey with our Spanish Classes.</p><p><br /></p><p>🔹 *Follow Us:*</p><p>- Facebook Group: https://www.facebook.com/groups/1637964493335353 </p><p>- Instagram: https://instagram.com/worldsacross</p>","Wed, 26 Mar 2025 19:30:00 GMT",00:14:41
Talking About Movies - Español Al Vuelo S02 x Ep 19,"<p>In today's episode, we will talk about movies. Without a doubt, they are a historically popular form of entertainment. Now, there are different styles, genres, and, most importantly, quality. There is no doubt that we all consume this product. So, what do you think? Are they not as sought after as before? Share your opinion in the comments!</p><p>Join the Español al Vuelo Newsletter here: https://db1ea.share.hsforms.com/29zggeGpoT822q0emc2-cBg</p><p><br /></p><p>🔹 *Sign up for a 7-day Free Trial:* https://worldsacross.com/</p><p>Accelerate your Spanish learning journey with our Spanish Classes.</p><p><br /></p><p>🔹 *Follow Us:*</p><p>- Facebook Group: https://www.facebook.com/groups/1637964493335353 </p><p>- Instagram: https://instagram.com/worldsacross</p>","Wed, 19 Mar 2025 21:13:48 GMT",00:16:05
From The End Of The World - Español Al Vuelo S02 x Ep 18,"<p>We recorded this episode practically from an airplane. I visited Ushuaia, the southernmost city in Argentina. It is a very well-known tourist destination, considered the end of the world. The weather is really cold, both in Ushuaia and in the province of Tierra del Fuego.</p><p>The landscape is incredibly beautiful, with large mountains surrounding the city, part of 'La Cordillera de los Andes'. The city is located in a bay, on the Beagle Channel.</p><p>I hiked 'Mount Martial' and sailed through the Beagle Channel to two islands. On one of them, there's 'El Faro del Fin del Mundo', where a colony of sea lions lives; there's also a penguin colony.</p><p>From my experience, everyone should visit Ushuaia. What do you think? Have you heard of Ushuaia?</p><p><br /></p><p>Join the Español al Vuelo Newsletter here: https://db1ea.share.hsforms.com/29zggeGpoT822q0emc2-cBg</p><p><br /></p><p>🔹 *Sign up for a 7-day Free Trial:* https://worldsacross.com/</p><p>Accelerate your Spanish learning journey with our Spanish Classes.</p><p><br /></p><p>🔹 *Follow Us:*</p><p> - Facebook Group: https://www.facebook.com/groups/1637964493335353 </p><p> - Instagram: https://instagram.com/worldsacross</p>","Thu, 13 Mar 2025 00:09:40 GMT",00:17:51
Our Childhood - Español Al Vuelo S02 x Ep 17,"<p>In today's episode, we will talk about childhood. It was very different from today. We had other responsibilities, going to school was our only concern. In fact, it's normal to feel some nostalgia for that reason. At school, there were games like soccer or &quot;hide and seek,&quot; that game where one person seeks and the others hide. Being a child also means doing extracurricular activities. And the diet? That was different too. Few vegetables, a lot of &quot;fun&quot; food.</p><p>Tell us, how has your childhood changed compared to your current life? We’ll read you in the comments.</p><p>Join the Español al Vuelo Newsletter here: https://db1ea.share.hsforms.com/29zggeGpoT822q0emc2-cBg</p><p><br /></p><p>🔹 *Sign up for a 7-day Free Trial:* https://worldsacross.com/</p><p>Accelerate your Spanish learning journey with our Spanish Classes.</p><p><br /></p><p>🔹 *Follow Us:*</p><p> - Facebook Group: https://www.facebook.com/groups/1637964493335353 </p><p> - Instagram: https://instagram.com/worldsacross</p>","Thu, 06 Mar 2025 01:20:41 GMT",00:16:09
The Worst Meals I Had in Restaurants,"<p>Currently, they are available on many platforms. This allows businesses, entrepreneurs, restaurants, etc., to have a horizon of expectations based on visitors' opinions.</p><p><br /></p><p>Many customers leave reviews to offer constructive feedback, help others with their choices, or simply share their personal experiences.</p><p><br /></p><p>What do you think? Do you usually leave reviews? We’ll read you in the comments.</p><p>Join the Español al Vuelo Newsletter here: https://db1ea.share.hsforms.com/29zggeGpoT822q0emc2-cBg</p><p><br /></p><p>Join the conversation and share your thoughts in the comments below!</p><p><br /></p><p>🔹 *Sign up for a 7-day Free Trial:* https://worldsacross.com/</p><p><br /></p><p>Accelerate your Spanish learning journey with our Spanish Classes.</p><p><br /></p><p>🔹 *Follow Us:*</p><p> - Facebook Group: https://www.facebook.com/groups/1637964493335353 </p><p> - Instagram: https://instagram.com/worldsacross</p>","Wed, 26 Feb 2025 20:24:46 GMT",00:18:58
Learn About Board Games in Spanish,"<p>There are many varieties of board games. We can play them with friends, family, or for competition. </p><p>The board game industry is very large in Europe and the United States. The world of board games is also vast as they have many subgenres. Some are suitable for all audiences, while others have restrictions.</p><p>Card games have been popular for many centuries and, in fact, they are the most popular type of board game. In Argentina, ""Truco"" is the most popular card game.</p><p>There are even ""party games."" These usually have few components and are easy to explain. This is motivated by the little space they require.</p><p>Deduction games are another genre and perhaps the most interesting because of everything they involve.</p><p>So, what's your favorite? Do you often play board games? We look forward to reading your comments.</p><p><br /></p><p>Join the Español al Vuelo Newsletter here: https://db1ea.share.hsforms.com/29zggeGpoT822q0emc2-cBg</p><p><br /></p><p>Join the conversation and share your thoughts in the comments below!</p><p><br /></p><p>🔹 *Sign up for a 7-day Free Trial:* https://worldsacross.com/</p><p><br /></p><p>Accelerate your Spanish learning journey with our Spanish Classes.</p><p><br /></p><p>🔹 *Follow Us:*</p><p>- Facebook Group: https://www.facebook.com/groups/1637964493335353 </p><p>- Instagram: https://instagram.com/worldsacross</p>","Wed, 19 Feb 2025 20:15:00 GMT",00:18:17
The Best Weather - Español Al Vuelo S02 x Ep 14,"<p>Currently, it's summer in Argentina. The weather during this season is very unpredictable, so even though it may seem strange, you can catch a cold. Beyond that, the weather is always an interesting topic.</p><p>Most people prefer sunny days. A sunny day is considered &quot;ideal&quot; for going out, taking a walk, or doing outdoor sports. However, the downside of a sunny day in summer is the intense heat, dehydration, and high temperatures, which can make certain activities more difficult.</p><p>On the other hand, cloudy days tend to create a feeling of &quot;extra weight&quot; for some people.</p><p>However, gray days also have their own charm.</p><p>What's your favorite type of weather? Let us know in the comments!</p><p>Join the Español al Vuelo Newsletter here: https://db1ea.share.hsforms.com/29zggeGpoT822q0emc2-cBg</p><p><br /></p><p>Join the conversation and share your thoughts in the comments below!</p><p><br /></p><p>🔹 *Sign up for a 7-day Free Trial:* https://worldsacross.com/</p><p><br /></p><p>Accelerate your Spanish learning journey with our Spanish Classes.</p><p><br /></p><p>🔹 *Follow Us:*</p><p> - Facebook Group: https://www.facebook.com/groups/1637964493335353 </p><p>   - Instagram: https://instagram.com/worldsacross</p>","Wed, 12 Feb 2025 20:24:00 GMT",00:19:27
Material Possessions: Minimalist vs. Hoarder - Español Al Vuelo S02 x Ep 13,"<p>For several years now, the word &quot;minimalism&quot; has been trendy. The idea behind it is that we don’t need so many objects or material possessions. We can live happily, with less stress and more freedom, by buying fewer things and spending less money. In other words, by &quot;being minimalist.&quot;</p><p>Minimalism is present in all aspects of life. More and more areas of our daily lives are adopting a minimalist approach—advertising, clothing, objects, and more.</p><p>But is it really possible to be minimalist? It depends on the context and the area of life. Some fields allow for more minimalism than others. For example, technology.</p><p>What do you think about this concept? Do you consider yourself a minimalist, or are you more of a hoarder?</p><p><br /></p><p>🔹 Sign up for a 7-day Free Trial: https://worldsacross.com/</p><p><br /></p><p>Accelerate your Spanish learning journey with our Spanish Classes. From grammar to conversational skills, we've got you covered!</p><p>Join the Español al Vuelo Newsletter here: https://db1ea.share.hsforms.com/29zggeGpoT822q0emc2-cBg</p><p><br /></p><p>🔹 Connect With Us:</p><p>🔹 Follow Us:</p><p><br /></p><p> - Facebook Group: https://www.facebook.com/groups/1637964493335353 </p><p>  - Instagram: https://instagram.com/worldsacross </p><p>   - Discord: https://discord.com/invite/yRTUMaG3XS </p>","Wed, 05 Feb 2025 20:20:00 GMT",00:16:41
The Cellphone: The Only Thing That Matters? - Español Al Vuelo S02 x Ep 12,"<p>Nowadays, the cellphone has become a fundamental part of our daily lives.</p><p>It is the most important communication tool. So much so that it has replaced other tools and objects. For example, taking photos used to be very difficult, but today, you can take pictures and even record videos with your phone.</p><p>From anywhere in the world, as long as you have internet access, you can reach an enormous ocean of information—all in the palm of your hand!</p><p>Social class doesn’t matter: everyone has a cellphone. But not everything is perfect; nowadays, it is also a major source of distraction. Whether through social media or games, time flies. It’s a great distraction that we must learn to control.</p><p>Are dumbphones the solution? It's an interesting question to consider.</p><p>What is your relationship with cellphones like? Let us know in the comments!</p><p>Join the Español al Vuelo Newsletter here: https://db1ea.share.hsforms.com/29zggeGpoT822q0emc2-cBg</p><p><br /></p><p>Join the conversation and share your thoughts in the comments below!</p><p><br /></p><p>🔹 *Sign up for a 7-day Free Trial:* https://worldsacross.com/</p><p><br /></p><p>Accelerate your Spanish learning journey with our Spanish Classes.</p><p><br /></p><p>🔹 *Follow Us:*</p><p> - Facebook Group: https://www.facebook.com/groups/1637964493335353 </p><p> - Instagram: https://instagram.com/worldsacross</p>","Wed, 29 Jan 2025 15:05:57 GMT",00:14:48
Argentinian Daily Menú - Español Al Vuelo S02 x Ep 11,"<p>In general, in our country Argentina, people eat four meals a day.</p><p>Unlike other countries, Argentina has a &quot;sweet&quot; and lighter breakfast.</p><p>Lunch isn’t very heavy either, but it’s savory. It’s usually something quick.</p><p>The afternoon snack, or merienda, is important, as it’s typically enjoyed around 4 or 5 PM. In Buenos Aires, restaurants aren’t open at that time. Instead, people gather in cafés, sipping coffee and eating sandwiches.</p><p>Dinner is the heaviest meal of the day. It’s when we eat more abundantly.</p><p>What really sets us apart is the timing—while the dishes are similar to those in other countries, in Argentina, dinner starts at 8 PM at the earliest, and that’s considered early!</p><p>What are mealtimes like in your country? Tell us in the comments if they’re very different from those in Argentina!</p><p>Join the Español al Vuelo Newsletter here: https://db1ea.share.hsforms.com/29zggeGpoT822q0emc2-cBg</p><p>🔹 Sign up for a 7-day Free Trial: https://worldsacross.com/</p><p><br /></p><p>Accelerate your Spanish learning journey with our Spanish Classes. From grammar to conversational skills, we've got you covered!</p><p><br /></p><p>🔹 Connect With Us:</p><p>🔹 Follow Us:</p><p><br /></p><p> - Facebook Group: https://www.facebook.com/groups/1637964493335353 </p><p> - Instagram: https://instagram.com/worldsacross </p><p>  - Discord: https://discord.com/invite/yRTUMaG3XS </p><p><br /></p>","Wed, 22 Jan 2025 19:31:00 GMT",00:18:44
The Time I Went To The History Olympiads - Español Al Vuelo S02 x Ep 10,"<p>Something very typical in educational systems is school Olympiads. These are not exclusively about sports but cover various subjects: history, mathematics, science, and literature.</p><p>Our host, Franco, shares his experience in History Olympiads. In fact, he went through the different stages and made it to the final.</p><p>Preparation is essential. Studying the topics that will be addressed in the competition is key. The event has a certain level, and if you enter, you must rise to the occasion. Otherwise, it will be a complete EMBARRASSMENT.</p><p>Have you ever participated in an event like this? Tell us in the comments!</p><p>Join the Español al Vuelo Newsletter here: https://db1ea.share.hsforms.com/29zggeGpoT822q0emc2-cBg</p><p><br /></p><p>🔹 *Sign up for a 7-day Free Trial:* https://worldsacross.com/</p><p><br /></p><p>Accelerate your Spanish learning journey with our Spanish Classes.</p><p><br /></p><p>🔹 *Follow Us:*</p><p> - Facebook Group: https://www.facebook.com/groups/1637964493335353 </p><p> - Instagram: https://instagram.com/worldsacross</p>","Wed, 15 Jan 2025 21:44:32 GMT",00:18:02
New Year's Resolutions - Español Al Vuelo S02 x Ep 09,"<p>They encompass all those things we want to achieve.</p><p>Typically, they appear at the beginning of January. While they might seem like a relatively new concept, they essentially refer to the things we wish to accomplish in the new year ahead.</p><p>But do we really need to wait until this point to pursue the goals we aim for?</p><p>Clearly, no. It's important to distinguish whether we're postponing something or simply setting a goal because of the pressure of the calendar.</p><p>Taking it step by step will not only bring new achievements but also prevent us from accumulating so many goals that we end up accomplishing none of them.</p><p>How do you approach these objectives? Do you usually make them?</p><p>Let us know in the comments!</p><p><br /></p><p>Join the Español al Vuelo Newsletter here: https://db1ea.share.hsforms.com/29zggeGpoT822q0emc2-cBg</p><p><br /></p><p>🔹 *Sign up for a 7-day Free Trial:* https://worldsacross.com/</p><p><br /></p><p>Accelerate your Spanish learning journey with our Spanish Classes.</p><p><br /></p><p>🔹 *Follow Us:*</p><p> - Facebook Group: https://www.facebook.com/groups/1637964493335353 </p><p> - Instagram: https://instagram.com/worldsacross</p>","Wed, 08 Jan 2025 19:53:00 GMT",00:16:12
Coffee And Cafés - S02 x Ep 08,"<p>You don't think we only drink mate in Argentina, do you?</p><p>Coffee is also a very popular beverage. A good cup of coffee for breakfast provides a great energy boost to start the day. There are various ways to complement a coffee: sugar, chocolate, milk, among many other options.</p><p>Although caffeine intake reduces sleepiness, it's quite common to have coffee after dinner.</p><p>In Buenos Aires, there are different types of cafés:</p><ul><li>​The classic café, found in many areas of the city.</li><li>​Franchise cafés, which belong to the 21st century and are very modern.</li><li>​Specialty cafés, which are also modern but focus on excellence and offering top-quality coffee.</li></ul><p><br /></p><p>Do you drink a lot of coffee? Are the cafés in your city like the ones in Buenos Aires? Tell us in the comments! </p><p><br /></p><p>Join the Español al Vuelo Newsletter here: https://db1ea.share.hsforms.com/29zggeGpoT822q0emc2-cBg</p><p><br /></p><p>🔹 Sign up for a 7-day Free Trial: https://worldsacross.com/</p><p><br /></p><p>Accelerate your Spanish learning journey with our Spanish Classes. From grammar to conversational skills, we've got you covered!</p><p><br /></p><p>🔹 Connect With Us:</p><p>🔹 Follow Us:</p><p><br /></p><p>- Facebook Group: https://www.facebook.com/groups/1637964493335353 </p><p>- Instagram: https://instagram.com/worldsacross </p><p>- Discord: https://discord.com/invite/yRTUMaG3XS </p><p><br /></p>","Wed, 25 Dec 2024 19:55:15 GMT",00:17:48
Productivity - Español Al Vuelo S02 x Ep 07,"<p>In this episode of Español al Vuelo, we talk about productivity. Deadlines for work, university assignments, studying, pending tasks. We all know how hard it is to tackle those pending things. Many times, we forget what we need to do. Maybe we had planned to do something, and we didn’t follow through. That’s a big problem.</p><p>Lack of organization and procrastination impact our productivity. Stay tuned and listen to some tips we have to offer. They’re not just for work; they can help you in any area of your daily life.</p><p>How do you handle productivity? Let us know!</p><p>Join the Español al Vuelo Newsletter here: https://db1ea.share.hsforms.com/29zggeGpoT822q0emc2-cBg</p><p><br /></p><p>🔹 *Sign up for a 7-day Free Trial:* https://worldsacross.com/</p><p><br /></p><p>Accelerate your Spanish learning journey with our Spanish Classes.</p><p><br /></p><p>🔹 *Follow Us:*</p><p>- Facebook Group: https://www.facebook.com/groups/1637964493335353 </p><p>- Instagram: https://instagram.com/worldsacross</p>","Wed, 18 Dec 2024 15:36:44 GMT",00:15:54
About Cooking - Español Al Vuelo S02 x Ep 06,"<p>Depending on whether we cook or order delivery, food becomes a fundamental part of our routine. It can be healthy meals, balanced meals, or even unhealthy ones.</p><p>Generally, cooking tends to be cheaper than ordering. Of course, that's not the only difference-there are also the portion sizes, ingredients, and the level of involvement you have in the dish.</p><p>The economic factor often plays a crucial role.</p><p>Another key reason is the TIME factor. Many times, we say, &quot;I don't have time to cook,&quot; so ordering something is faster and more effective. However, this can also be relative.</p><p>And what a noble element: LEFTOVERS! If I cook meat, I make extra; if I cook pasta, I make extra too. This way, we can save even more time in the future.</p><p>What's it like in your country? Do you enjoy cooking, or do you prefer ordering in? Tell us in the comments!</p><p>Join the Español al Vuelo Newsletter here: https://db1ea.share.hsforms.com/29zggeGpoT822q0emc2-cBg</p><p><br /></p><p>🔹 *Sign up for a 7-day Free Trial:* https://worldsacross.com/</p><p><br /></p><p>Accelerate your Spanish learning journey with our Spanish Classes.</p><p><br /></p><p>🔹 *Follow Us:*</p><p> - Facebook Group: https://www.facebook.com/groups/1637964493335353 </p><p> - Instagram: https://instagram.com/worldsacross</p>","Wed, 11 Dec 2024 15:20:39 GMT",00:17:54
How to Talk About Pets in Spanish,"<p>A new episode of Español Al Vuelo about our friends. Pets are a fundamental part of many households worldwide. They become part of our family, our routine, and bring us love, adventures, and stories we'll always remember.</p><p><br /></p><p>Dogs, cats, birds, rabbits, fish, and hamsters might be the companions surrounding us.</p><p><br /></p><p>Join this podcast as we celebrate our amigos peludos and share with us: What pet do you have?</p><p>Join the Español al Vuelo Newsletter here: https://db1ea.share.hsforms.com/29zggeGpoT822q0emc2-cBg</p><p><br /></p><p>🔹 Sign up for a 7-day Free Trial: https://worldsacross.com/</p><p><br /></p><p>Accelerate your Spanish learning journey with our Spanish Classes. From grammar to conversational skills, we've got you covered!</p><p><br /></p><p>🔹 Connect With Us:</p><p>🔹 Follow Us:</p><p><br /></p><p> - Facebook Group: https://www.facebook.com/groups/1637964493335353 </p><p> - Instagram: https://instagram.com/worldsacross </p><p> - Discord: https://discord.com/invite/yRTUMaG3XS</p>","Wed, 04 Dec 2024 15:00:00 GMT",00:15:15
What Is In Your Wardrobe? - Español Al Vuelo S02 x Ep 04,"<p>In this episode, we talk about the clothes we own. The truth is, there are different types of outfits: formal, casual, sporty, vintage. Some people dress expensively, while others opt for a more modest style. And when we talk about clothing, we also talk about shoes, sneakers. You can spend a lot of money, or you can spend very little, but clothing is always a necessity.<br />What is your relationship with clothing like? Share your experience with us.</p><p>Join the Español al Vuelo Newsletter here: https://db1ea.share.hsforms.com/29zggeGpoT822q0emc2-cBg</p><p>🔹 <em>Sign up for a 7-day Free Trial:</em><a href=""https://worldsacross.com/"" rel=""ugc noopener noreferrer"" target=""_blank"">⁠⁠⁠⁠⁠https://worldsacross.com/⁠⁠⁠⁠⁠</a></p><p>Accelerate your Spanish learning journey with our Spanish classes.</p><p>🔹 <em>Follow Us:</em></p><ul><li>Facebook Group: <a href=""https://www.facebook.com/groups/1637964493335353"" rel=""ugc noopener noreferrer"" target=""_blank"">⁠⁠⁠⁠⁠https://www.facebook.com/groups/1637964493335353⁠⁠⁠⁠⁠</a></li><li>Instagram: <a href=""https://instagram.com/worldsacross"" rel=""ugc noopener noreferrer"" target=""_blank"">⁠⁠⁠⁠⁠https://instagram.com/worldsacross⁠</a></li></ul>","Wed, 27 Nov 2024 14:50:00 GMT",00:18:19
Moving Out - Español Al Vuelo S02 x Ep 02,"<p>Moving is a very stressful time in anyone's life. It’s a process that can be slow, annoying, and takes a lot of work to complete. But on the other hand, it’s something necessary. Before doing it, the key is making the decision. The reasons are varied and can change constantly—work, living alone, new family members, or moving to a more comfortable neighborhood. Moving things is just the beginning, and settling them is the end that doesn’t always arrive.<br />Tell us about your experience in the comments!</p><p>Join the Español al Vuelo Newsletter here: https://db1ea.share.hsforms.com/29zggeGpoT822q0emc2-cBg</p><p>🔹 <em>Sign up for a 7-day Free Trial:</em><a href=""https://worldsacross.com/"" rel=""ugc noopener noreferrer"" target=""_blank"">⁠⁠⁠https://worldsacross.com/⁠⁠⁠</a></p><p>Accelerate your Spanish learning journey with our Spanish classes.</p><p>🔹 <em>Follow Us:</em></p><ul><li>Facebook Group: <a href=""https://www.facebook.com/groups/1637964493335353"" rel=""ugc noopener noreferrer"" target=""_blank"">⁠⁠⁠https://www.facebook.com/groups/1637964493335353⁠⁠⁠</a></li><li>Instagram: <a href=""https://instagram.com/worldsacross"" rel=""ugc noopener noreferrer"" target=""_blank"">⁠⁠⁠https://instagram.com/worldsacross⁠</a></li></ul>","Wed, 13 Nov 2024 15:16:05 GMT",00:16:32
To Do The Shopping In Latin America - Español Al Vuelo S02 x Ep 01,"<p>New episode and new season! A new season of <em>Español Al Vuelo</em> is now available. This time, we’ll be talking about the typical stores you can find in Argentina. Most people don’t have to travel far to find a shop nearby.</p>
<p>In Argentina, there are various names for them: <em>kiosco</em>, <em>mercados</em>, <em>supers</em>. This variety gives people the chance to find better deals and lower prices.</p>
<p>What are the markets like in your country? Let us know in the comments!</p>
<p><br /></p>
<p>🔹 <em>WorldsAcross Experience in Buenos Aires</em><a href=""https://worldsacross.com/spanishimmersion/"" rel=""ugc noopener noreferrer"" target=""_blank"">⁠⁠https://worldsacross.com/spanishimmersion/⁠⁠</a></p>
<p>Join the conversation and share your thoughts in the comments below.</p>
<p>🔹 <em>Sign up for a 7-day Free Trial:</em><a href=""https://worldsacross.com/"" rel=""ugc noopener noreferrer"" target=""_blank"">⁠⁠https://worldsacross.com/⁠⁠</a></p>
<p>Accelerate your Spanish learning journey with our Spanish classes.</p>
<p>🔹 <em>Follow Us:</em></p>
<ul>
 <li>Facebook Group: <a href=""https://www.facebook.com/groups/1637964493335353"" rel=""ugc noopener noreferrer"" target=""_blank"">⁠⁠https://www.facebook.com/groups/1637964493335353⁠⁠</a></li>
 <li>Instagram: <a href=""https://instagram.com/worldsacross"" rel=""ugc noopener noreferrer"" target=""_blank"">⁠⁠https://instagram.com/worldsacross⁠</a></li>
</ul>","Wed, 06 Nov 2024 14:42:09 GMT",00:18:32
Ecuatorian Famous Legend Ft. Coach Silvia,"<p>In today's episode, Silvia Donoso, a coach at WorldsAcross, brings us an impactful story: 'The Tale of Cantuña,' one of Ecuador's one of Ecuador’s most famous legends. Additionally, she offers us typical words and phrases to continue improving your Spanish.</p><p>We hope you enjoy it!</p><p>🔹 <em>WorldsAcross Experience in Buenos Aires</em><a href=""https://worldsacross.com/spanishimmersion/"" rel=""ugc noopener noreferrer"" target=""_blank"">⁠https://worldsacross.com/spanishimmersion/⁠</a></p><p>Join the conversation and share your thoughts in the comments below.</p><p>🔹 <em>Sign up for a 7-day Free Trial:</em><a href=""https://worldsacross.com/"" rel=""ugc noopener noreferrer"" target=""_blank"">⁠https://worldsacross.com/⁠</a></p><p>Accelerate your Spanish learning journey with our Spanish classes.</p><p>🔹 <em>Follow Us:</em></p><ul> <li>Facebook Group: <a href=""https://www.facebook.com/groups/1637964493335353"" rel=""ugc noopener noreferrer"" target=""_blank"">⁠https://www.facebook.com/groups/1637964493335353⁠</a></li> <li>Instagram: <a href=""https://instagram.com/worldsacross"" rel=""ugc noopener noreferrer"" target=""_blank"">⁠https://instagram.com/worldsacross</a></li></ul>","Wed, 30 Oct 2024 16:37:51 GMT",00:11:14
Las fiestas: Christmas and New Year - Español Al Vuelo ep 10,"<p><strong>Celebrations in Latin America, like in many parts of the world, are often a time for union and joy. Christmas and New Year's are the perfect occasions to bring families together.</strong></p>
<p><strong>Christmas Eve and New Year's Eve are awaited with traditional meals during family dinners. These are even non-working days for many people.</strong></p>
<p><strong>Unlike in the northern hemisphere, the warmth prevails, and the atmosphere is usually very relaxed.</strong></p>
<p><strong>In this episode, we’ll tell you about the typical foods, customs, and celebrations we have in Latin America.</strong></p>
<p><strong>And you, what do you do during these holidays? Let us know!</strong></p>
<p><br /></p>
<p>🔹 <em>WorldsAcross Experience in Buenos Aires</em><a href=""https://worldsacross.com/spanishimmersion/"" rel=""ugc noopener noreferrer"" target=""_blank"">⁠https://worldsacross.com/spanishimmersion/⁠</a></p>
<p>Join the conversation and share your thoughts in the comments below.</p>
<p>🔹 <em>Sign up for a 7-day Free Trial:</em><a href=""https://worldsacross.com/"" rel=""ugc noopener noreferrer"" target=""_blank"">⁠https://worldsacross.com/⁠</a></p>
<p>Accelerate your Spanish learning journey with our Spanish classes.</p>
<p>🔹 <em>Follow Us:</em></p>
<ul>
 <li>Facebook Group: <a href=""https://www.facebook.com/groups/1637964493335353"" rel=""ugc noopener noreferrer"" target=""_blank"">⁠https://www.facebook.com/groups/1637964493335353⁠</a></li>
 <li>Instagram: <a href=""https://instagram.com/worldsacross"" rel=""ugc noopener noreferrer"" target=""_blank"">⁠https://instagram.com/worldsacross⁠</a></li>
</ul>","Wed, 09 Oct 2024 15:05:00 GMT",00:15:31
El Asado: Argentina's Ultimate BBQ Tradition! - Español al vuelo ep 09,"<p>
</p>
<p><em>El asado</em> is more than just a meal in Argentina—it’s a tradition, a ritual that brings friends and family together around the grill. In this episode, we explore everything you need to know about <em>el asado</em>: from the secrets to cooking the best meat to the customs surrounding it and why it’s such a vital part of Argentine culture.</p>
<p>Ready to try your own <em>asado</em>? Let us know in the comments what you think about this unique tradition!</p>
<p>🔹 <em>WorldsAcross Experience in Buenos Aires</em><br /><a href=""https://worldsacross.com/spanishimmersion/"" rel=""ugc noopener noreferrer"" target=""_blank"">https://worldsacross.com/spanishimmersion/</a></p>
<p>Join the conversation and share your thoughts in the comments below.</p>
<p>🔹 <em>Sign up for a 7-day Free Trial:</em><br /><a href=""https://worldsacross.com/"" rel=""ugc noopener noreferrer"" target=""_blank"">https://worldsacross.com/</a></p>
<p>Accelerate your Spanish learning journey with our Spanish classes.</p>
<p>🔹 <em>Follow Us:</em></p>
<ul>
 <li>Facebook Group: <a href=""https://www.facebook.com/groups/1637964493335353"" rel=""ugc noopener noreferrer"" target=""_blank"">https://www.facebook.com/groups/1637964493335353</a></li>
 <li>Instagram: <a href=""https://instagram.com/worldsacross"" rel=""ugc noopener noreferrer"" target=""_blank"">https://instagram.com/worldsacross</a></li>
</ul>
<p>

</p>","Wed, 02 Oct 2024 21:00:00 GMT",00:17:20
"For Vacation, Beach Or Mountains? - Español Al Vuelo ep 08","<p>A very necessary moment for our health and rest is vacation time. There are usually different styles: some are more relaxing, others more active, and the destination often defines this. That’s why it often comes down to Beaches or Mountains.<br />In this episode, we will talk about the typical destinations people choose to relax. In this region of the world, Argentina, beaches are very popular destinations. The same goes for the wide variety of mountains as well.<br />And you, which destination do you prefer?</p>
<p>
</p>
<p>*WorldsAcross Experience in Buenos Aires* </p>
<p>https://worldsacross.com/spanishimmersion/</p>
<p> Join the conversation and share your thoughts in the comments below! </p>
<p>🔹 *Sign up for a 7-day Free Trial:* https://worldsacross.com/ </p>
<p>Accelerate your Spanish learning journey with our Spanish Classes.</p>
<p> 🔹 *Follow Us:*</p>
<p>- Facebook Group: https://www.facebook.com/groups/1637964493335353 </p>
<p>- Instagram: https://instagram.com/worldsacross</p>","Wed, 25 Sep 2024 15:41:35 GMT",00:17:32
The Healthcare System - Español Al Vuelo ep 07,"<p>Throughout our lives, we visit the doctor. Without a doubt, they are very important, and visiting them is necessary. It doesn’t mean that we only go for serious issues; it could be for diagnoses, a sore throat, or simply routine checkups.</p>
<p>In this episode, we go over the different branches of medicine through Franco's personal experiences.
</p>
<p>*WorldsAcross Experience in Buenos Aires* </p>
<p>https://worldsacross.com/spanishimmersion/</p>
<p> Join the conversation and share your thoughts in the comments below! </p>
<p>🔹 *Sign up for a 7-day Free Trial:* https://worldsacross.com/ </p>
<p>Accelerate your Spanish learning journey with our Spanish Classes.</p>
<p> 🔹 *Follow Us:*</p>
<p>- Facebook Group: https://www.facebook.com/groups/1637964493335353 </p>
<p>- Instagram: https://instagram.com/worldsacross</p>","Wed, 18 Sep 2024 15:11:00 GMT",00:15:51
The Passion For Football In Latin America - Español Al Vuelo ep 06,"<p>The most popular sport in Latin America is football, also known as soccer in some parts of the world. The way it’s experienced here is similar to a religion. Most people identify with a football club, whether it’s because of family, friends, or personal choice.
Get ready to dive into this exciting world of football in Latin America with Franco’s first-hand testimony!
And you, are you a fan of any team?
</p>
<p>
</p>
<p>*WorldsAcross Experience in Buenos Aires* </p>
<p>https://worldsacross.com/spanishimmersion/</p>
<p> Join the conversation and share your thoughts in the comments below! </p>
<p>🔹 *Sign up for a 7-day Free Trial:* https://worldsacross.com/ </p>
<p>Accelerate your Spanish learning journey with our Spanish Classes.</p>
<p> 🔹 *Follow Us:*</p>
<p>- Facebook Group: https://www.facebook.com/groups/1637964493335353 </p>
<p>- Instagram: https://instagram.com/worldsacross</p>","Wed, 11 Sep 2024 15:00:00 GMT",00:13:35
Public Transportation In Argentina - Español Al Vuelo ep 05,"<p>In this episode, Franco talks to us about Argentine public transportation. In Buenos Aires, different types of transportation coexist. The bus is the most classic, often called &quot;el bondi&quot; in Argentina. The train covers longer distances, and there’s also the classic subway.
We would like to know more about the public transportation used in your city.Do people usually use it, or is driving a car the best way?
</p>
<p>*WorldsAcross Experience in Buenos Aires* </p>
<p>https://worldsacross.com/spanishimmersion/</p>
<p> Join the conversation and share your thoughts in the comments below! </p>
<p>🔹 *Sign up for a 7-day Free Trial:* https://worldsacross.com/ </p>
<p>Accelerate your Spanish learning journey with our Spanish Classes.</p>
<p> 🔹 *Follow Us:*</p>
<p>- Facebook Group: https://www.facebook.com/groups/1637964493335353 </p>
<p>- Instagram: https://instagram.com/worldsacross</p>
<p><br /></p>","Wed, 04 Sep 2024 15:09:12 GMT",00:17:19
Fitness and Getting in Shape - Español Al Vuelo ep 04,"<p>To some extent, we all understand what it means to 'stay fit.' It’s important to maintain a balance, although it often becomes difficult due to our lifestyle. In this episode, Franco shares his testimony on this topic. Eating habits, our routine, and our work influence these decisions. 
Join Franco in this episode and share your experience with us!
</p>
<p>*WorldsAcross Experience in Buenos Aires* </p>
<p>https://worldsacross.com/spanishimmersion/</p>
<p> Join the conversation and share your thoughts in the comments below! </p>
<p>🔹 *Sign up for a 7-day Free Trial:* https://worldsacross.com/ </p>
<p>Accelerate your Spanish learning journey with our Spanish Classes.</p>
<p> 🔹 *Follow Us:*</p>
<p>- Facebook Group: https://www.facebook.com/groups/1637964493335353 </p>
<p>- Instagram: https://instagram.com/worldsacross </p>
<p><br /></p>
<p>#nativetutors #podcast #worldsacross #learnspanish</p>","Wed, 28 Aug 2024 14:45:09 GMT",00:16:48
An Unforgettable Eurotrip - Español Al Vuelo ep 03,"<p>Franco and his girlfriend traveled to Europe. They were able to explore the history and culture of countries like France, Spain, and England. An unforgettable experience where they enjoyed many things. Franco had the chance to meet some of his students and friends. Many new stories to tell.</p>
<p>Join this episode of &quot;Español Al Vuelo&quot; and learn how to speak Spanish fluently in a fun and effective way.
</p>
<p>*WorldsAcross Experience in Buenos Aires* </p>
<p>https://worldsacross.com/spanishimmersion/</p>
<p> Join the conversation and share your thoughts in the comments below! </p>
<p>🔹 *Sign up for a 7-day Free Trial:* https://worldsacross.com/ </p>
<p>Accelerate your Spanish learning journey with our Spanish Classes.</p>
<p> 🔹 *Follow Us:*</p>
<p>- Facebook Group: https://www.facebook.com/groups/1637964493335353 </p>
<p>- Instagram: https://instagram.com/worldsacross </p>
<p>#nativetutors #podcast #worldsacross #learnspanish
</p>","Wed, 21 Aug 2024 20:00:00 GMT",00:18:56
"The ""Mate"": More Than Just A Drink - Español Al Vuelo ep 02","<p>In the second episode, Franco talks about this Argentinian tradition: Mate.<br />This infusion is synonymous with unity and camaraderie. It’s easy to carry and share, an excuse to gather with friends or simply connect with others. How is it prepared? How is it consumed? What does it represent?</p>
<p>Learn everything about this classic through Franco's voice.</p>
<p><br /></p>
<p>*WorldsAcross Experience in Buenos Aires* </p>
<p>https://worldsacross.com/spanishimmersion/</p>
<p> Join the conversation and share your thoughts in the comments below! </p>
<p>🔹 *Sign up for a 7-day Free Trial:* https://worldsacross.com/ </p>
<p>Accelerate your Spanish learning journey with our Spanish Classes.</p>
<p> 🔹 *Follow Us:*</p>
<p>- Facebook Group: https://www.facebook.com/groups/1637964493335353 </p>
<p>- Instagram: https://instagram.com/worldsacross </p>
<p>#nativetutors #podcast #worldsacross #learnspanish</p>","Wed, 14 Aug 2024 20:00:00 GMT",00:16:41
My Experience Learning English - Español Al Vuelo ep 01,"<p>In the first episode, Franco, our host, introduces this amazing podcast and shares his learning experience with English. His method includes taking classes, using comprehensible input, learning about the culture, and making the process fun.</p><p>Learning a new language has many benefits, discover what they are in this episode.</p><p> </p><p>*WorldsAcross Experience in Buenos Aires* </p><p>https://worldsacross.com/spanishimmersion/</p><p> Join the conversation and share your thoughts in the comments below! </p><p>🔹 *Sign up for a 7-day Free Trial:* https://worldsacross.com/ </p><p>Accelerate your Spanish learning journey with our Spanish Classes.</p><p> 🔹 *Follow Us:*</p><p>- Facebook Group: https://www.facebook.com/groups/1637964493335353 </p><p>- Instagram: https://instagram.com/worldsacross </p><p>#nativetutors #podcast #worldsacross #learnspanish</p><p><br /></p>","Wed, 07 Aug 2024 20:00:00 GMT",00:08:48
