Title;Status;Date;Format;Length;Total_Reproducciones_y_descargas;Reproducciones_Spotify
Wine Tasting in Mendoza: Expectations vs Reality;Scheduled;18/2/2026;Video;26:51:00;0;0
How to Talk About Astrology in Spanish;Publicados;11/2/2026;Video;20:24;889;634
Learn About the Roman Empire in Spanish;Publicados;4/2/2026;Video;20:12;1468;1498
My Experience at Disney World;Publicados;1/2/2026;Video;24:42:00;1449;1475
Mexican Food is Just a Scam? Ft. Al Chile;Publicados;28/1/2026;Video;29:57:00;1703;1772
Argentine Myhtology to Learn Spanish;Publicados;26/1/2026;Video;18:29;1501;1458
Learn Spanish at the Depths of the Ocean;Publicados;21/1/2026;Video;16:51;1531;1687
Learn Spanish like a handyman;Publicados;14/1/2026;Video;18:59;1839;1888
My Experience Racing in Spanish;Publicados;11/1/2026;Video;21:05;1465;1393
Talking about First World Problems Ft. Spanish with Gaia;Publicados;7/1/2026;Video;27:43:00;2008;2078
Talking about books in Spanish;Publicados;31/12/2025;Video;18:04;2195;2608
Our Craziest Secrets Ft. Andrea La Mexicana;Publicados;17/12/2025;Video;35:52:00;2786;3013
Learn Spanish with Birthdays;Publicados;14/12/2025;Video;17:31;1595;1493
My Cats Are Ruining My Apartment;Publicados;10/12/2025;Video;20:29;1804;1733
My Most Unexpected Visitor at Home;Publicados;3/12/2025;Video;22:48;1769;1643
My Problem with Fast Food;Publicados;1/12/2025;Video;19:54;1809;1716
Learn Spanish while Camping in the woods;Publicados;26/11/2025;Video;20:11;1792;1778
Learn Spanish While Exploring the Solar System;Publicados;19/11/2025;Video;21:15;1733;1608
Big City vs Small Town Life in Argentina (Ft. Pocket Spanish);Publicados;17/11/2025;Video;26:34:00;1926;1850
Punctual People vs Late People ??;Publicados;12/11/2025;Video;18:23;1907;1941
How Spain and Latin America Butcher Movie Titles;Publicados;5/11/2025;Video;19:06;1702;1733
I Almost Got Arrested in Paris;Publicados;2/11/2025;Video;25:37:00;1952;2025
My Experience With Horror;Publicados;29/10/2025;Video;19:29;1519;1333
The One Spanish Word That Means 100 Different Things;Publicados;22/10/2025;Video;14:30;1846;1867
How to Talk About Stores and Shopping in Spanish;Publicados;20/10/2025;Video;16:45;1867;1948
The Best and Worst Things About Living in Argentina Ft. Argentutor;Publicados;15/10/2025;Video;23:22;2066;2186
How to Talk About Friends and Friendship in Spanish;Publicados;8/10/2025;Video;17:42;2681;4518
Good Neighbors vs. Bad Neighbors in Spanish;Publicados;5/10/2025;Video;16:50;1717;1747
Everyday Spanish: Going to the Dentist;Publicados;1/10/2025;Video;16:28;1515;1369
My Wildest Public Transport Story;Publicados;24/9/2025;Video;22:33;1831;1842
Argentinian Breakfast Culture: Sweet, Simple, and No Eggs?!;Publicados;21/9/2025;Video;17:57;1695;1640
How to Clean Your House in Spanish (Intermediate Practice);Publicados;17/9/2025;Video;17:19;1693;1739
4 card games that shaped my life;Publicados;14/9/2025;Video;20:35;1370;1284
What election day is like in Argentina;Publicados;10/9/2025;Video;16:07;1442;1368
Are You a Early Bird or Night Owl? ???;Publicados;7/9/2025;Video;17:15;1673;1496
Life as a student in Argentina;Publicados;3/9/2025;Video;20:02;1589;1409
My full training routine;Publicados;31/8/2025;Video;18:44;1579;1478
My Worst Hotel Experience Ever;Publicados;27/8/2025;Video;20:59;1845;2177
My Strange Superstitions in Spanish;Publicados;24/8/2025;Video;20:33;1515;1403
Would You Be a Samurai, a Pirate, or a Cowboy?;Publicados;20/8/2025;Video;17:34;1378;1199
The Unwritten Rules of Mate Ft. Español Desde el Sur;Publicados;13/8/2025;Video;16:55;1618;1884
My Daily Meals in Spanish;Publicados;6/8/2025;Video;18:59;1839;2164
English Words We Use All the Time in Spanish;Publicados;30/7/2025;Video;17:49;1458;1394
Describing THE BEST Animals in Spanish;Publicados;23/7/2025;Video;22:13;1527;1366
Learn Spanish Through Video Games Ft. SpanishBoost;Publicados;16/7/2025;Video;26:46:00;1888;2363
Understanding Argentina’s National Holidays;Publicados;9/7/2025;Video;17:53;1282;1107
How to Talk About Your Haircut in Spanish;Publicados;2/7/2025;Video;17:52;1580;1773
My Spanish is becoming Venezuelan;Publicados;25/6/2025;Video;18:26;1535;1517
My Life During the 2020 Lockdown;Publicados;18/6/2025;Video;17:35;1307;1145
Let's Talk About Music;Publicados;14/6/2025;Audio;15:51;1501;1265
Learn Spanish While Talking About Sleeping Habits;Publicados;11/6/2025;Video;16:50;1491;1586
Talking about podcasting in Spanish;Publicados;4/6/2025;Video;20:09;1355;1236
Argentina vs. Uruguay: How different are they really?;Publicados;28/5/2025;Video;20:32;1593;1528
Home Office in Spanish;Publicados;21/5/2025;Video;15:33;1255;1146
Spanish Vocabulary You Need at a Concert;Publicados;14/5/2025;Video;17:08;1256;1120
How to Say Hello in Spanish;Publicados;7/5/2025;Video;14:52;1323;1275
Learn Spanish While Eating Out!;Publicados;30/4/2025;Video;0,75;1575;1638
When you are sick ??;Publicados;23/4/2025;Video;17:15;1318;1213
Let's talk about money: What are investments?;Publicados;16/4/2025;Video;17:48;1380;1217
My daily routine;Publicados;9/4/2025;Video;15:05;1643;1782
How to ask for directions (Without getting lost in the attempt);Publicados;2/4/2025;Video;18:38;1507;1463
Cementerio De La Recoleta;Publicados;26/3/2025;Audio;14:41;1243;1105
Talking About Movies;Publicados;19/3/2025;Audio;16:06;1256;1061
From The End Of The World;Publicados;12/3/2025;Audio;17:51;1218;999
Our Childhood;Publicados;5/3/2025;Audio;16:10;1216;1052
The Worst Meals I Had in Restaurants;Publicados;26/2/2025;Audio;18:58;1197;1023
Learn About Board Games in Spanish;Publicados;19/2/2025;Audio;18:17;1148;945
The Best Weather;Publicados;12/2/2025;Audio;19:28;1286;1092
Material Possessions: Minimalist vs. Hoarder;Publicados;5/2/2025;Audio;16:42;1250;1069
The Cellphone: The Only Thing That Matters?;Publicados;29/1/2025;Audio;14:48;1195;1001
Argentinian Daily Menú;Publicados;22/1/2025;Audio;18:44;1170;990
The Time I Went To The History Olympiads;Publicados;15/1/2025;Audio;18:02;1158;930
New Year's Resolutions;Publicados;8/1/2025;Audio;16:13;1141;964
Coffee And Cafés;Publicados;25/12/2024;Audio;17:49;1310;1121
Productivity;Publicados;18/12/2024;Audio;15:55;1205;1002
About Cooking;Publicados;11/12/2024;Audio;17:54;1254;1003
How to Talk About Pets in Spanish;Publicados;4/12/2024;Audio;15:16;1172;972
What Is In Your Wardrobe?;Publicados;27/11/2024;Video;18:19;1271;1075
Moving Out;Publicados;13/11/2024;Video;16:33;1360;1084
To Do The Shopping In Latin America;Publicados;6/11/2024;Video;18:32;1300;1058
Ecuatorian Famous Legend Ft. Coach Silvia;Publicados;30/10/2024;Audio;11:15;955;891
Las fiestas: Christmas and New Year;Publicados;9/10/2024;Video;15:31;1262;1027
El Asado: Argentina's Ultimate BBQ Tradition!;Publicados;2/10/2024;Video;17:21;1369;1206
For Vacation, Beach Or Mountains?;Publicados;25/9/2024;Video;17:33;1443;1237
The Healthcare System;Publicados;18/9/2024;Video;15:51;1402;1165
The Passion For Football In Latin America;Publicados;11/9/2024;Video;13:35;1381;1189
Public Transportation In Argentina;Publicados;4/9/2024;Audio;17:19;1529;1325
Fitness and Getting in Shape;Publicados;28/8/2024;Audio;16:49;1698;1488
An Unforgettable Eurotrip;Publicados;21/8/2024;Audio;18:56;1845;1619
The 'Mate': More Than Just A Drink;Publicados;14/8/2024;Audio;16:41;1974;1762
My Experience Learning English;Publicados;7/8/2024;Audio;08:49;2074;2053
